group_id,source,order_count,temperature,precipIntensity,hour,is_weekend
2018112522,Back Bay,9,41.83,0.0,22,1
2018112522,Beacon Hill,7,41.83,0.0,22,1
2018112522,Boston University,9,41.83,0.0,22,1
2018112522,Fenway,7,41.83,0.0,22,1
2018112522,Financial District,5,41.83,0.0,22,1
2018112522,Haymarket Square,5,41.83,0.0,22,1
2018112522,North End,4,41.83,0.0,22,1
2018112522,North Station,5,41.83,0.0,22,1
2018112522,Northeastern University,4,41.83,0.0,22,1
2018112522,South Station,12,41.83,0.0,22,1
2018112522,Theatre District,16,41.83,0.0,22,1
2018112522,West End,1,41.83,0.0,22,1
2018112523,Back Bay,25,41.52,0.0,23,1
2018112523,Beacon Hill,31,41.52,0.0,23,1
2018112523,Boston University,36,41.52,0.0,23,1
2018112523,Fenway,26,41.519999999999996,0.0,23,1
2018112523,Financial District,36,41.52,0.0,23,1
2018112523,Haymarket Square,32,41.52,0.0,23,1
2018112523,North End,36,41.52,0.0,23,1
2018112523,North Station,49,41.52,0.0,23,1
2018112523,Northeastern University,30,41.52,0.0,23,1
2018112523,South Station,30,41.52,0.0,23,1
2018112523,Theatre District,52,41.519999999999996,0.0,23,1
2018112523,West End,37,41.52,0.0,23,1
2018112600,Back Bay,54,41.99,0.0,0,0
2018112600,Beacon Hill,58,41.99,0.0,0,0
2018112600,Boston University,67,41.99,0.0,0,0
2018112600,Fenway,67,41.99,0.0,0,0
2018112600,Financial District,45,41.99,0.0,0,0
2018112600,Haymarket Square,61,41.99,0.0,0,0
2018112600,North End,49,41.99,0.0,0,0
2018112600,North Station,32,41.99,0.0,0,0
2018112600,Northeastern University,49,41.99,0.0,0,0
2018112600,South Station,45,41.99,0.0,0,0
2018112600,Theatre District,53,41.99,0.0,0,0
2018112600,West End,92,41.99,0.0,0,0
2018112601,Back Bay,82,41.83,0.0,1,0
2018112601,Beacon Hill,111,41.83,0.0,1,0
2018112601,Boston University,126,41.83,0.0,1,0
2018112601,Fenway,112,41.83,0.0,1,0
2018112601,Financial District,170,41.83,0.0,1,0
2018112601,Haymarket Square,152,41.83,0.0,1,0
2018112601,North End,158,41.83,0.0,1,0
2018112601,North Station,129,41.83,0.0,1,0
2018112601,Northeastern University,122,41.83,0.0,1,0
2018112601,South Station,159,41.83,0.0,1,0
2018112601,Theatre District,120,41.83,0.0,1,0
2018112601,West End,155,41.83,0.0,1,0
2018112602,Back Bay,105,42.02,0.0,2,0
2018112602,Beacon Hill,59,42.02,0.0,2,0
2018112602,Boston University,71,42.02,0.0,2,0
2018112602,Fenway,83,42.02,0.0,2,0
2018112602,Financial District,84,42.02,0.0,2,0
2018112602,Haymarket Square,87,42.02,0.0,2,0
2018112602,North End,85,42.02,0.0,2,0
2018112602,North Station,112,42.02,0.0,2,0
2018112602,Northeastern University,91,42.02,0.0,2,0
2018112602,South Station,76,42.02,0.0,2,0
2018112602,Theatre District,98,42.02,0.0,2,0
2018112602,West End,57,42.02,0.0,2,0
2018112603,Back Bay,27,41.59,0.0,3,0
2018112603,Beacon Hill,13,41.59,0.0,3,0
2018112603,Boston University,27,41.59,0.0,3,0
2018112603,Fenway,20,41.59,0.0,3,0
2018112603,Financial District,34,41.59,0.0,3,0
2018112603,Haymarket Square,22,41.59,0.0,3,0
2018112603,North End,13,41.59,0.0,3,0
2018112603,North Station,18,41.59,0.0,3,0
2018112603,Northeastern University,30,41.59,0.0,3,0
2018112603,South Station,25,41.59,0.0,3,0
2018112603,Theatre District,17,41.59,0.0,3,0
2018112603,West End,6,41.59,0.0,3,0
2018112604,Back Bay,145,41.6,0.0,4,0
2018112604,Beacon Hill,139,41.6,0.0,4,0
2018112604,Boston University,122,41.6,0.0,4,0
2018112604,Fenway,118,41.6,0.0,4,0
2018112604,Financial District,171,41.6,0.0,4,0
2018112604,Haymarket Square,127,41.6,0.0,4,0
2018112604,North End,125,41.6,0.0,4,0
2018112604,North Station,146,41.6,0.0,4,0
2018112604,Northeastern University,183,41.6,0.0,4,0
2018112604,South Station,132,41.6,0.0,4,0
2018112604,Theatre District,136,41.6,0.0,4,0
2018112604,West End,127,41.6,0.0,4,0
2018112605,Back Bay,143,41.4,0.0,5,0
2018112605,Beacon Hill,177,41.4,0.0,5,0
2018112605,Boston University,119,41.4,0.0,5,0
2018112605,Fenway,145,41.4,0.0,5,0
2018112605,Financial District,158,41.4,0.0,5,0
2018112605,Haymarket Square,149,41.4,0.0,5,0
2018112605,North End,127,41.4,0.0,5,0
2018112605,North Station,159,41.4,0.0,5,0
2018112605,Northeastern University,106,41.4,0.0,5,0
2018112605,South Station,119,41.4,0.0,5,0
2018112605,Theatre District,131,41.4,0.0,5,0
2018112605,West End,147,41.4,0.0,5,0
2018112606,Back Bay,125,41.22,0.0,6,0
2018112606,Beacon Hill,152,41.22,0.0,6,0
2018112606,Boston University,115,41.22,0.0,6,0
2018112606,Fenway,149,41.22,0.0,6,0
2018112606,Financial District,118,41.22,0.0,6,0
2018112606,Haymarket Square,104,41.22,0.0,6,0
2018112606,North End,154,41.22,0.0,6,0
2018112606,North Station,179,41.22,0.0,6,0
2018112606,Northeastern University,163,41.22,0.0,6,0
2018112606,South Station,146,41.22,0.0,6,0
2018112606,Theatre District,119,41.220000000000006,0.0,6,0
2018112606,West End,156,41.22,0.0,6,0
2018112607,Back Bay,157,41.3,0.0,7,0
2018112607,Beacon Hill,131,41.3,0.0,7,0
2018112607,Boston University,102,41.3,0.0,7,0
2018112607,Fenway,132,41.3,0.0,7,0
2018112607,Financial District,155,41.3,0.0,7,0
2018112607,Haymarket Square,158,41.3,0.0,7,0
2018112607,North End,160,41.3,0.0,7,0
2018112607,North Station,114,41.3,0.0,7,0
2018112607,Northeastern University,139,41.3,0.0,7,0
2018112607,South Station,170,41.3,0.0,7,0
2018112607,Theatre District,140,41.3,0.0,7,0
2018112607,West End,122,41.3,0.0,7,0
2018112608,Back Bay,165,41.43,0.0006,8,0
2018112608,Beacon Hill,126,41.43,0.0006,8,0
2018112608,Boston University,141,41.43,0.0006,8,0
2018112608,Fenway,170,41.43,0.0006,8,0
2018112608,Financial District,160,41.43,0.0006,8,0
2018112608,Haymarket Square,170,41.43,0.0006,8,0
2018112608,North End,108,41.43,0.0006,8,0
2018112608,North Station,104,41.43,0.0006,8,0
2018112608,Northeastern University,131,41.43,0.0006,8,0
2018112608,South Station,138,41.43,0.0006,8,0
2018112608,Theatre District,156,41.43,0.0006,8,0
2018112608,West End,111,41.42999999999999,0.0006,8,0
2018112609,Back Bay,129,43.51,0.0053,9,0
2018112609,Beacon Hill,114,43.51,0.0053,9,0
2018112609,Boston University,106,43.51,0.0053,9,0
2018112609,Fenway,165,43.51,0.0053,9,0
2018112609,Financial District,145,43.51,0.0053,9,0
2018112609,Haymarket Square,141,43.51,0.0053,9,0
2018112609,North End,122,43.51,0.0053,9,0
2018112609,North Station,171,43.51,0.0053,9,0
2018112609,Northeastern University,161,43.51,0.0053,9,0
2018112609,South Station,167,43.51,0.0053,9,0
2018112609,Theatre District,131,43.51,0.0053,9,0
2018112609,West End,128,43.51,0.0053,9,0
2018112610,Back Bay,157,44.15,0.0073999999999999995,10,0
2018112610,Beacon Hill,98,44.15,0.0074,10,0
2018112610,Boston University,144,44.15,0.0074,10,0
2018112610,Fenway,119,44.15,0.0074,10,0
2018112610,Financial District,132,44.15,0.0074,10,0
2018112610,Haymarket Square,182,44.15,0.0074,10,0
2018112610,North End,152,44.15,0.0074,10,0
2018112610,North Station,176,44.15,0.0074,10,0
2018112610,Northeastern University,141,44.15,0.0074,10,0
2018112610,South Station,132,44.15,0.0074,10,0
2018112610,Theatre District,129,44.15,0.0074,10,0
2018112610,West End,118,44.15,0.0074,10,0
2018112611,Back Bay,151,45.8,0.0024,11,0
2018112611,Beacon Hill,141,45.8,0.0024,11,0
2018112611,Boston University,128,45.8,0.0024,11,0
2018112611,Fenway,155,45.8,0.0024,11,0
2018112611,Financial District,155,45.8,0.0024,11,0
2018112611,Haymarket Square,145,45.8,0.0024,11,0
2018112611,North End,136,45.8,0.0024,11,0
2018112611,North Station,139,45.8,0.0024,11,0
2018112611,Northeastern University,122,45.8,0.0024,11,0
2018112611,South Station,153,45.8,0.0024,11,0
2018112611,Theatre District,131,45.8,0.0024,11,0
2018112611,West End,124,45.8,0.0024,11,0
2018112612,Back Bay,151,45.83,0.001,12,0
2018112612,Beacon Hill,112,45.83,0.001,12,0
2018112612,Boston University,114,45.83,0.001,12,0
2018112612,Fenway,150,45.83,0.001,12,0
2018112612,Financial District,142,45.83,0.001,12,0
2018112612,Haymarket Square,118,45.83,0.001,12,0
2018112612,North End,133,45.83,0.001,12,0
2018112612,North Station,176,45.83,0.001,12,0
2018112612,Northeastern University,139,45.83,0.001,12,0
2018112612,South Station,142,45.83,0.001,12,0
2018112612,Theatre District,147,45.83,0.001,12,0
2018112612,West End,156,45.83,0.001,12,0
2018112613,Back Bay,149,45.46,0.0005,13,0
2018112613,Beacon Hill,136,45.46,0.0005,13,0
2018112613,Boston University,104,45.46,0.0005,13,0
2018112613,Fenway,120,45.46,0.0005,13,0
2018112613,Financial District,117,45.46,0.0005,13,0
2018112613,Haymarket Square,142,45.46,0.0005,13,0
2018112613,North End,151,45.46,0.0005,13,0
2018112613,North Station,125,45.46,0.0005,13,0
2018112613,Northeastern University,167,45.46,0.0005,13,0
2018112613,South Station,176,45.46,0.0005,13,0
2018112613,Theatre District,164,45.46,0.0005,13,0
2018112613,West End,129,45.46,0.0005,13,0
2018112614,Back Bay,125,45.07,0.0021000000000000003,14,0
2018112614,Beacon Hill,178,45.07,0.0021,14,0
2018112614,Boston University,160,45.07,0.0021,14,0
2018112614,Fenway,150,45.07,0.0021,14,0
2018112614,Financial District,126,45.07,0.0021,14,0
2018112614,Haymarket Square,94,45.07,0.0021,14,0
2018112614,North End,156,45.07,0.0021,14,0
2018112614,North Station,128,45.07,0.0021,14,0
2018112614,Northeastern University,127,45.07,0.0021,14,0
2018112614,South Station,159,45.07,0.0021,14,0
2018112614,Theatre District,141,45.07,0.0021,14,0
2018112614,West End,136,45.07,0.0021,14,0
2018112615,Back Bay,153,44.95,0.0021,15,0
2018112615,Beacon Hill,165,44.95,0.0021,15,0
2018112615,Boston University,125,44.95,0.0021000000000000003,15,0
2018112615,Fenway,117,44.95,0.0021,15,0
2018112615,Financial District,164,44.95,0.0021,15,0
2018112615,Haymarket Square,142,44.95,0.0021,15,0
2018112615,North End,151,44.95,0.0021,15,0
2018112615,North Station,93,44.95,0.0021,15,0
2018112615,Northeastern University,140,44.95,0.0021,15,0
2018112615,South Station,168,44.95,0.0021,15,0
2018112615,Theatre District,133,44.95,0.0021,15,0
2018112615,West End,129,44.95,0.0021,15,0
2018112616,Back Bay,154,45.32,0.0,16,0
2018112616,Beacon Hill,206,45.32,0.0,16,0
2018112616,Boston University,137,45.32,0.0,16,0
2018112616,Fenway,133,45.32,0.0,16,0
2018112616,Financial District,111,45.32000000000001,0.0,16,0
2018112616,Haymarket Square,125,45.32,0.0,16,0
2018112616,North End,126,45.32,0.0,16,0
2018112616,North Station,94,45.32,0.0,16,0
2018112616,Northeastern University,153,45.32,0.0,16,0
2018112616,South Station,100,45.32,0.0,16,0
2018112616,Theatre District,197,45.32000000000001,0.0,16,0
2018112616,West End,144,45.32,0.0,16,0
2018112617,Back Bay,222,44.92999999999999,0.0030999999999999995,17,0
2018112617,Beacon Hill,178,44.93,0.0031,17,0
2018112617,Boston University,205,44.93,0.0031,17,0
2018112617,Fenway,208,44.93,0.0030999999999999995,17,0
2018112617,Financial District,199,44.93,0.0031,17,0
2018112617,Haymarket Square,260,44.93,0.0031,17,0
2018112617,North End,210,44.93,0.0031000000000000003,17,0
2018112617,North Station,173,44.93,0.0031,17,0
2018112617,Northeastern University,240,44.93,0.0031,17,0
2018112617,South Station,254,44.93,0.0031,17,0
2018112617,Theatre District,213,44.93,0.0031,17,0
2018112617,West End,242,44.93,0.0031,17,0
2018112618,Back Bay,316,44.34,0.0274,18,0
2018112618,Beacon Hill,269,44.34,0.0274,18,0
2018112618,Boston University,240,44.34,0.0274,18,0
2018112618,Fenway,231,44.34,0.027400000000000004,18,0
2018112618,Financial District,312,44.34,0.0274,18,0
2018112618,Haymarket Square,227,44.34,0.0274,18,0
2018112618,North End,279,44.34,0.0274,18,0
2018112618,North Station,277,44.34,0.0274,18,0
2018112618,Northeastern University,217,44.34,0.0274,18,0
2018112618,South Station,277,44.34,0.0274,18,0
2018112618,Theatre District,238,44.34,0.0274,18,0
2018112618,West End,237,44.339999999999996,0.0274,18,0
2018112619,Back Bay,345,44.52,0.10580000000000002,19,0
2018112619,Beacon Hill,313,44.52,0.1058,19,0
2018112619,Boston University,419,44.52,0.1058,19,0
2018112619,Fenway,350,44.52,0.1058,19,0
2018112619,Financial District,333,44.52,0.1058,19,0
2018112619,Haymarket Square,298,44.52,0.1058,19,0
2018112619,North End,316,44.52,0.1058,19,0
2018112619,North Station,318,44.52,0.10580000000000002,19,0
2018112619,Northeastern University,363,44.52,0.1058,19,0
2018112619,South Station,314,44.52,0.1058,19,0
2018112619,Theatre District,328,44.52,0.10580000000000002,19,0
2018112619,West End,359,44.52,0.10579999999999999,19,0
2018112620,Back Bay,346,43.61,0.1264,20,0
2018112620,Beacon Hill,265,43.61,0.1264,20,0
2018112620,Boston University,302,43.61,0.1264,20,0
2018112620,Fenway,235,43.61,0.1264,20,0
2018112620,Financial District,298,43.61,0.1264,20,0
2018112620,Haymarket Square,241,43.61,0.1264,20,0
2018112620,North End,341,43.61,0.1264,20,0
2018112620,North Station,255,43.61,0.1264,20,0
2018112620,Northeastern University,303,43.61,0.1264,20,0
2018112620,South Station,245,43.61,0.1264,20,0
2018112620,Theatre District,299,43.61,0.1264,20,0
2018112620,West End,302,43.61,0.1264,20,0
2018112621,Back Bay,243,43.57999999999999,0.1299,21,0
2018112621,Beacon Hill,299,43.58,0.1299,21,0
2018112621,Boston University,293,43.58,0.1299,21,0
2018112621,Fenway,307,43.58,0.1299,21,0
2018112621,Financial District,236,43.58,0.1299,21,0
2018112621,Haymarket Square,311,43.58,0.1299,21,0
2018112621,North End,268,43.58,0.1299,21,0
2018112621,North Station,232,43.58,0.1299,21,0
2018112621,Northeastern University,220,43.58,0.1299,21,0
2018112621,South Station,230,43.58,0.1299,21,0
2018112621,Theatre District,243,43.57999999999999,0.1299,21,0
2018112621,West End,238,43.58,0.1299,21,0
2018112622,Back Bay,234,43.73,0.1088,22,0
2018112622,Beacon Hill,326,43.73,0.10879999999999998,22,0
2018112622,Boston University,300,43.73,0.10880000000000001,22,0
2018112622,Fenway,280,43.73,0.1088,22,0
2018112622,Financial District,227,43.73,0.1088,22,0
2018112622,Haymarket Square,260,43.73,0.1088,22,0
2018112622,North End,291,43.73,0.1088,22,0
2018112622,North Station,239,43.73,0.1088,22,0
2018112622,Northeastern University,236,43.73,0.1088,22,0
2018112622,South Station,250,43.73,0.1088,22,0
2018112622,Theatre District,239,43.73,0.1088,22,0
2018112622,West End,238,43.73,0.1088,22,0
2018112623,Back Bay,256,43.38,0.1267,23,0
2018112623,Beacon Hill,233,43.38,0.1267,23,0
2018112623,Boston University,239,43.379999999999995,0.1267,23,0
2018112623,Fenway,306,43.38,0.1267,23,0
2018112623,Financial District,244,43.38,0.1267,23,0
2018112623,Haymarket Square,230,43.38000000000001,0.1267,23,0
2018112623,North End,299,43.38,0.1267,23,0
2018112623,North Station,230,43.38000000000001,0.1267,23,0
2018112623,Northeastern University,266,43.38,0.1267,23,0
2018112623,South Station,263,43.38,0.1267,23,0
2018112623,Theatre District,303,43.38,0.1267,23,0
2018112623,West End,251,43.38,0.1267,23,0
2018112700,Back Bay,246,43.57,0.1447,0,0
2018112700,Beacon Hill,264,43.57,0.1447,0,0
2018112700,Boston University,259,43.57,0.1447,0,0
2018112700,Fenway,227,43.57,0.1447,0,0
2018112700,Financial District,306,43.57,0.1447,0,0
2018112700,Haymarket Square,272,43.57,0.1447,0,0
2018112700,North End,265,43.57,0.1447,0,0
2018112700,North Station,237,43.57,0.1447,0,0
2018112700,Northeastern University,261,43.57,0.1447,0,0
2018112700,South Station,230,43.57,0.1447,0,0
2018112700,Theatre District,326,43.57,0.1447,0,0
2018112700,West End,227,43.57,0.1447,0,0
2018112701,Back Bay,224,43.03000000000001,0.0674,1,0
2018112701,Beacon Hill,275,43.03,0.0674,1,0
2018112701,Boston University,199,43.029999999999994,0.0674,1,0
2018112701,Fenway,263,43.03,0.0674,1,0
2018112701,Financial District,308,43.03,0.0674,1,0
2018112701,Haymarket Square,301,43.03,0.0674,1,0
2018112701,North End,290,43.03,0.0674,1,0
2018112701,North Station,187,43.03,0.0674,1,0
2018112701,Northeastern University,241,43.03,0.0674,1,0
2018112701,South Station,299,43.03,0.0674,1,0
2018112701,Theatre District,251,43.03,0.0674,1,0
2018112701,West End,282,43.03,0.0674,1,0
2018112702,Back Bay,246,43.29,0.0772,2,0
2018112702,Beacon Hill,285,43.29,0.0772,2,0
2018112702,Boston University,256,43.29,0.0772,2,0
2018112702,Fenway,265,43.29,0.0772,2,0
2018112702,Financial District,311,43.29,0.0772,2,0
2018112702,Haymarket Square,258,43.29,0.0772,2,0
2018112702,North End,300,43.29,0.0772,2,0
2018112702,North Station,242,43.29,0.0772,2,0
2018112702,Northeastern University,250,43.29,0.0772,2,0
2018112702,South Station,212,43.29,0.0772,2,0
2018112702,Theatre District,212,43.29,0.0772,2,0
2018112702,West End,283,43.29,0.0772,2,0
2018112703,Back Bay,331,44.29,0.0737,3,0
2018112703,Beacon Hill,234,44.29,0.0737,3,0
2018112703,Boston University,247,44.29,0.0737,3,0
2018112703,Fenway,313,44.29,0.0737,3,0
2018112703,Financial District,232,44.290000000000006,0.0737,3,0
2018112703,Haymarket Square,238,44.29,0.0737,3,0
2018112703,North End,259,44.29,0.0737,3,0
2018112703,North Station,248,44.29,0.0737,3,0
2018112703,Northeastern University,270,44.29,0.0737,3,0
2018112703,South Station,241,44.29,0.0737,3,0
2018112703,Theatre District,262,44.29,0.0737,3,0
2018112703,West End,245,44.29,0.0737,3,0
2018112704,Back Bay,279,44.88,0.0786,4,0
2018112704,Beacon Hill,293,44.88,0.0786,4,0
2018112704,Boston University,296,44.88,0.0786,4,0
2018112704,Fenway,237,44.88,0.0786,4,0
2018112704,Financial District,277,44.88,0.0786,4,0
2018112704,Haymarket Square,275,44.88,0.0786,4,0
2018112704,North End,265,44.88,0.0786,4,0
2018112704,North Station,211,44.88,0.0786,4,0
2018112704,Northeastern University,260,44.88,0.0786,4,0
2018112704,South Station,267,44.88,0.0786,4,0
2018112704,Theatre District,238,44.88,0.0786,4,0
2018112704,West End,222,44.88,0.0786,4,0
2018112705,Back Bay,226,45.45,0.0624,5,0
2018112705,Beacon Hill,292,45.45,0.062400000000000004,5,0
2018112705,Boston University,266,45.45,0.06239999999999999,5,0
2018112705,Fenway,261,45.45,0.062400000000000004,5,0
2018112705,Financial District,248,45.45,0.0624,5,0
2018112705,Haymarket Square,242,45.45,0.0624,5,0
2018112705,North End,302,45.45,0.0624,5,0
2018112705,North Station,287,45.45,0.0624,5,0
2018112705,Northeastern University,268,45.45,0.0624,5,0
2018112705,South Station,248,45.45,0.0624,5,0
2018112705,Theatre District,259,45.45,0.0624,5,0
2018112705,West End,221,45.45,0.0624,5,0
2018112706,Back Bay,270,46.23,0.0488,6,0
2018112706,Beacon Hill,289,46.23,0.0488,6,0
2018112706,Boston University,207,46.23,0.0488,6,0
2018112706,Fenway,219,46.23,0.0488,6,0
2018112706,Financial District,272,46.23,0.0488,6,0
2018112706,Haymarket Square,245,46.23,0.0488,6,0
2018112706,North End,273,46.23,0.0488,6,0
2018112706,North Station,226,46.23,0.0488,6,0
2018112706,Northeastern University,279,46.23,0.0488,6,0
2018112706,South Station,272,46.23,0.0488,6,0
2018112706,Theatre District,259,46.23,0.0488,6,0
2018112706,West End,309,46.23,0.0488,6,0
2018112707,Back Bay,285,46.3,0.0288,7,0
2018112707,Beacon Hill,242,46.3,0.0288,7,0
2018112707,Boston University,288,46.3,0.0288,7,0
2018112707,Fenway,220,46.3,0.028799999999999996,7,0
2018112707,Financial District,246,46.3,0.0288,7,0
2018112707,Haymarket Square,261,46.3,0.0288,7,0
2018112707,North End,286,46.3,0.028800000000000003,7,0
2018112707,North Station,257,46.3,0.0288,7,0
2018112707,Northeastern University,282,46.3,0.028799999999999996,7,0
2018112707,South Station,245,46.3,0.0288,7,0
2018112707,Theatre District,286,46.3,0.028800000000000003,7,0
2018112707,West End,222,46.29999999999999,0.0288,7,0
2018112708,Back Bay,296,44.94,0.007,8,0
2018112708,Beacon Hill,280,44.94,0.007,8,0
2018112708,Boston University,236,44.94,0.007,8,0
2018112708,Fenway,276,44.94,0.007,8,0
2018112708,Financial District,220,44.94,0.007,8,0
2018112708,Haymarket Square,291,44.94,0.007,8,0
2018112708,North End,271,44.94,0.007,8,0
2018112708,North Station,257,44.94,0.007,8,0
2018112708,Northeastern University,243,44.94,0.007,8,0
2018112708,South Station,246,44.94,0.007,8,0
2018112708,Theatre District,225,44.94,0.007,8,0
2018112708,West End,279,44.94,0.007,8,0
2018112709,Back Bay,238,42.01,0.0015,9,0
2018112709,Beacon Hill,283,42.01,0.0015,9,0
2018112709,Boston University,229,42.01,0.0015,9,0
2018112709,Fenway,196,42.01,0.0014999999999999998,9,0
2018112709,Financial District,300,42.01,0.0015,9,0
2018112709,Haymarket Square,288,42.01,0.0015,9,0
2018112709,North End,261,42.01,0.0015,9,0
2018112709,North Station,269,42.01,0.0015,9,0
2018112709,Northeastern University,258,42.01,0.0015,9,0
2018112709,South Station,274,42.01,0.0015,9,0
2018112709,Theatre District,260,42.01,0.0015,9,0
2018112709,West End,264,42.01,0.0015,9,0
2018112710,Back Bay,240,40.49,0.0003,10,0
2018112710,Beacon Hill,242,40.49,0.0003,10,0
2018112710,Boston University,294,40.49,0.0003,10,0
2018112710,Fenway,219,40.49000000000001,0.0003,10,0
2018112710,Financial District,242,40.49,0.0003,10,0
2018112710,Haymarket Square,291,40.49,0.0003,10,0
2018112710,North End,292,40.49,0.0003,10,0
2018112710,North Station,255,40.49,0.0003,10,0
2018112710,Northeastern University,255,40.49,0.0003,10,0
2018112710,South Station,244,40.49,0.0003,10,0
2018112710,Theatre District,287,40.49,0.0003,10,0
2018112710,West End,259,40.49,0.0003,10,0
2018112711,Back Bay,248,41.0,0.0,11,0
2018112711,Beacon Hill,265,41.0,0.0,11,0
2018112711,Boston University,238,41.0,0.0,11,0
2018112711,Fenway,238,41.0,0.0,11,0
2018112711,Financial District,230,41.0,0.0,11,0
2018112711,Haymarket Square,264,41.0,0.0,11,0
2018112711,North End,254,41.0,0.0,11,0
2018112711,North Station,275,41.0,0.0,11,0
2018112711,Northeastern University,286,41.0,0.0,11,0
2018112711,South Station,260,41.0,0.0,11,0
2018112711,Theatre District,299,41.0,0.0,11,0
2018112711,West End,263,41.0,0.0,11,0
2018112712,Back Bay,240,41.34,0.0,12,0
2018112712,Beacon Hill,249,41.34,0.0,12,0
2018112712,Boston University,305,41.34,0.0,12,0
2018112712,Fenway,235,41.34,0.0,12,0
2018112712,Financial District,297,41.34,0.0,12,0
2018112712,Haymarket Square,272,41.34,0.0,12,0
2018112712,North End,328,41.34,0.0,12,0
2018112712,North Station,256,41.34,0.0,12,0
2018112712,Northeastern University,257,41.34,0.0,12,0
2018112712,South Station,242,41.34,0.0,12,0
2018112712,Theatre District,217,41.34,0.0,12,0
2018112712,West End,222,41.34,0.0,12,0
2018112713,Back Bay,253,41.82,0.0,13,0
2018112713,Beacon Hill,264,41.82,0.0,13,0
2018112713,Boston University,242,41.82,0.0,13,0
2018112713,Fenway,270,41.82,0.0,13,0
2018112713,Financial District,273,41.82,0.0,13,0
2018112713,Haymarket Square,232,41.82,0.0,13,0
2018112713,North End,246,41.82,0.0,13,0
2018112713,North Station,225,41.82,0.0,13,0
2018112713,Northeastern University,248,41.82,0.0,13,0
2018112713,South Station,344,41.82,0.0,13,0
2018112713,Theatre District,255,41.82,0.0,13,0
2018112713,West End,268,41.82,0.0,13,0
2018112714,Back Bay,210,42.95,0.0,14,0
2018112714,Beacon Hill,238,42.95,0.0,14,0
2018112714,Boston University,261,42.95,0.0,14,0
2018112714,Fenway,261,42.95,0.0,14,0
2018112714,Financial District,299,42.95,0.0,14,0
2018112714,Haymarket Square,272,42.95,0.0,14,0
2018112714,North End,243,42.95,0.0,14,0
2018112714,North Station,254,42.95,0.0,14,0
2018112714,Northeastern University,247,42.95,0.0,14,0
2018112714,South Station,306,42.95,0.0,14,0
2018112714,Theatre District,281,42.95,0.0,14,0
2018112714,West End,248,42.95,0.0,14,0
2018112715,Back Bay,251,43.02,0.0,15,0
2018112715,Beacon Hill,213,43.02,0.0,15,0
2018112715,Boston University,274,43.02,0.0,15,0
2018112715,Fenway,288,43.02,0.0,15,0
2018112715,Financial District,278,43.02,0.0,15,0
2018112715,Haymarket Square,211,43.02,0.0,15,0
2018112715,North End,261,43.02,0.0,15,0
2018112715,North Station,266,43.02,0.0,15,0
2018112715,Northeastern University,246,43.02,0.0,15,0
2018112715,South Station,262,43.02,0.0,15,0
2018112715,Theatre District,298,43.02,0.0,15,0
2018112715,West End,272,43.02,0.0,15,0
2018112716,Back Bay,265,42.23,0.0,16,0
2018112716,Beacon Hill,215,42.23,0.0,16,0
2018112716,Boston University,271,42.23,0.0,16,0
2018112716,Fenway,285,42.23,0.0,16,0
2018112716,Financial District,296,42.23,0.0,16,0
2018112716,Haymarket Square,239,42.23,0.0,16,0
2018112716,North End,255,42.23,0.0,16,0
2018112716,North Station,230,42.23,0.0,16,0
2018112716,Northeastern University,251,42.23,0.0,16,0
2018112716,South Station,258,42.23,0.0,16,0
2018112716,Theatre District,280,42.23,0.0,16,0
2018112716,West End,275,42.23,0.0,16,0
2018112717,Back Bay,266,40.88,0.0,17,0
2018112717,Beacon Hill,207,40.88,0.0,17,0
2018112717,Boston University,232,40.88,0.0,17,0
2018112717,Fenway,264,40.88,0.0,17,0
2018112717,Financial District,228,40.88,0.0,17,0
2018112717,Haymarket Square,241,40.88,0.0,17,0
2018112717,North End,303,40.88,0.0,17,0
2018112717,North Station,271,40.88,0.0,17,0
2018112717,Northeastern University,312,40.88,0.0,17,0
2018112717,South Station,248,40.88,0.0,17,0
2018112717,Theatre District,295,40.88,0.0,17,0
2018112717,West End,253,40.88,0.0,17,0
2018112718,Back Bay,254,40.38,0.0,18,0
2018112718,Beacon Hill,229,40.38,0.0,18,0
2018112718,Boston University,346,40.38,0.0,18,0
2018112718,Fenway,338,40.38,0.0,18,0
2018112718,Financial District,280,40.38,0.0,18,0
2018112718,Haymarket Square,246,40.38,0.0,18,0
2018112718,North End,216,40.38,0.0,18,0
2018112718,North Station,219,40.38,0.0,18,0
2018112718,Northeastern University,229,40.38,0.0,18,0
2018112718,South Station,288,40.38,0.0,18,0
2018112718,Theatre District,236,40.38,0.0,18,0
2018112718,West End,232,40.38,0.0,18,0
2018112719,Back Bay,263,39.13,0.0,19,0
2018112719,Beacon Hill,311,39.13,0.0,19,0
2018112719,Boston University,218,39.13,0.0,19,0
2018112719,Fenway,226,39.13,0.0,19,0
2018112719,Financial District,241,39.13,0.0,19,0
2018112719,Haymarket Square,269,39.13,0.0,19,0
2018112719,North End,272,39.13,0.0,19,0
2018112719,North Station,238,39.13,0.0,19,0
2018112719,Northeastern University,261,39.13,0.0,19,0
2018112719,South Station,265,39.13,0.0,19,0
2018112719,Theatre District,300,39.13,0.0,19,0
2018112719,West End,256,39.13,0.0,19,0
2018112720,Back Bay,66,38.33,0.0,20,0
2018112720,Beacon Hill,57,38.33,0.0,20,0
2018112720,Boston University,56,38.33,0.0,20,0
2018112720,Fenway,64,38.33,0.0,20,0
2018112720,Financial District,66,38.33,0.0,20,0
2018112720,Haymarket Square,47,38.33,0.0,20,0
2018112720,North End,82,38.33,0.0,20,0
2018112720,North Station,54,38.32999999999999,0.0,20,0
2018112720,Northeastern University,75,38.33,0.0,20,0
2018112720,South Station,70,38.33,0.0,20,0
2018112720,Theatre District,82,38.33,0.0,20,0
2018112720,West End,61,38.33,0.0,20,0
2018112802,Back Bay,31,35.22,0.0,2,0
2018112802,Beacon Hill,23,35.22,0.0,2,0
2018112802,Boston University,25,35.22,0.0,2,0
2018112802,Fenway,19,35.22,0.0,2,0
2018112802,Financial District,37,35.22,0.0,2,0
2018112802,Haymarket Square,25,35.22,0.0,2,0
2018112802,North End,38,35.22,0.0,2,0
2018112802,North Station,41,35.22,0.0,2,0
2018112802,Northeastern University,44,35.22,0.0,2,0
2018112802,South Station,31,35.22,0.0,2,0
2018112802,Theatre District,31,35.22,0.0,2,0
2018112802,West End,27,35.22,0.0,2,0
2018112803,Back Bay,21,34.51,0.0,3,0
2018112803,Beacon Hill,22,34.51,0.0,3,0
2018112803,Boston University,6,34.51,0.0,3,0
2018112803,Fenway,12,34.51,0.0,3,0
2018112803,Financial District,11,34.51,0.0,3,0
2018112803,Haymarket Square,11,34.51,0.0,3,0
2018112803,North End,6,34.51,0.0,3,0
2018112803,North Station,9,34.51,0.0,3,0
2018112803,Northeastern University,7,34.51,0.0,3,0
2018112803,South Station,13,34.51,0.0,3,0
2018112803,Theatre District,24,34.51,0.0,3,0
2018112803,West End,14,34.51,0.0,3,0
2018112804,Back Bay,256,34.26,0.0,4,0
2018112804,Beacon Hill,371,34.26,0.0,4,0
2018112804,Boston University,281,34.26,0.0,4,0
2018112804,Fenway,326,34.26,0.0,4,0
2018112804,Financial District,317,34.26,0.0,4,0
2018112804,Haymarket Square,294,34.26,0.0,4,0
2018112804,North End,267,34.26,0.0,4,0
2018112804,North Station,308,34.26,0.0,4,0
2018112804,Northeastern University,295,34.26,0.0,4,0
2018112804,South Station,266,34.26,0.0,4,0
2018112804,Theatre District,282,34.26,0.0,4,0
2018112804,West End,325,34.26,0.0,4,0
2018112805,Back Bay,464,34.4,0.0,5,0
2018112805,Beacon Hill,358,34.4,0.0,5,0
2018112805,Boston University,360,34.4,0.0,5,0
2018112805,Fenway,445,34.4,0.0,5,0
2018112805,Financial District,445,34.4,0.0,5,0
2018112805,Haymarket Square,454,34.4,0.0,5,0
2018112805,North End,432,34.4,0.0,5,0
2018112805,North Station,425,34.4,0.0,5,0
2018112805,Northeastern University,428,34.4,0.0,5,0
2018112805,South Station,412,34.4,0.0,5,0
2018112805,Theatre District,370,34.4,0.0,5,0
2018112805,West End,399,34.4,0.0,5,0
2018112806,Back Bay,478,35.54,0.0,6,0
2018112806,Beacon Hill,422,35.54,0.0,6,0
2018112806,Boston University,416,35.54,0.0,6,0
2018112806,Fenway,419,35.54,0.0,6,0
2018112806,Financial District,350,35.54,0.0,6,0
2018112806,Haymarket Square,473,35.54,0.0,6,0
2018112806,North End,343,35.54,0.0,6,0
2018112806,North Station,411,35.54,0.0,6,0
2018112806,Northeastern University,393,35.54,0.0,6,0
2018112806,South Station,451,35.54,0.0,6,0
2018112806,Theatre District,436,35.54,0.0,6,0
2018112806,West End,400,35.54,0.0,6,0
2018112807,Back Bay,398,36.53,0.0,7,0
2018112807,Beacon Hill,378,36.53,0.0,7,0
2018112807,Boston University,469,36.53,0.0,7,0
2018112807,Fenway,428,36.53,0.0,7,0
2018112807,Financial District,461,36.53,0.0,7,0
2018112807,Haymarket Square,409,36.53,0.0,7,0
2018112807,North End,399,36.53,0.0,7,0
2018112807,North Station,409,36.53,0.0,7,0
2018112807,Northeastern University,481,36.53,0.0,7,0
2018112807,South Station,382,36.53,0.0,7,0
2018112807,Theatre District,428,36.53,0.0,7,0
2018112807,West End,350,36.53,0.0,7,0
2018112808,Back Bay,458,35.98,0.0,8,0
2018112808,Beacon Hill,399,35.98,0.0,8,0
2018112808,Boston University,400,35.98,0.0,8,0
2018112808,Fenway,444,35.98,0.0,8,0
2018112808,Financial District,399,35.98,0.0,8,0
2018112808,Haymarket Square,439,35.98,0.0,8,0
2018112808,North End,444,35.98,0.0,8,0
2018112808,North Station,346,35.98,0.0,8,0
2018112808,Northeastern University,463,35.98,0.0,8,0
2018112808,South Station,418,35.98,0.0,8,0
2018112808,Theatre District,395,35.98,0.0,8,0
2018112808,West End,387,35.98,0.0,8,0
2018112809,Back Bay,353,39.02,0.0,9,0
2018112809,Beacon Hill,409,39.02,0.0,9,0
2018112809,Boston University,468,39.02,0.0,9,0
2018112809,Fenway,395,39.02,0.0,9,0
2018112809,Financial District,429,39.02,0.0,9,0
2018112809,Haymarket Square,398,39.02,0.0,9,0
2018112809,North End,434,39.02,0.0,9,0
2018112809,North Station,424,39.019999999999996,0.0,9,0
2018112809,Northeastern University,422,39.02,0.0,9,0
2018112809,South Station,427,39.02,0.0,9,0
2018112809,Theatre District,390,39.02,0.0,9,0
2018112809,West End,443,39.02,0.0,9,0
2018112810,Back Bay,431,41.24,0.0,10,0
2018112810,Beacon Hill,423,41.24,0.0,10,0
2018112810,Boston University,388,41.24,0.0,10,0
2018112810,Fenway,416,41.24,0.0,10,0
2018112810,Financial District,413,41.24000000000001,0.0,10,0
2018112810,Haymarket Square,455,41.24,0.0,10,0
2018112810,North End,358,41.24,0.0,10,0
2018112810,North Station,410,41.24,0.0,10,0
2018112810,Northeastern University,458,41.24,0.0,10,0
2018112810,South Station,391,41.24,0.0,10,0
2018112810,Theatre District,426,41.24,0.0,10,0
2018112810,West End,422,41.24000000000001,0.0,10,0
2018112811,Back Bay,434,41.16,0.0,11,0
2018112811,Beacon Hill,417,41.16,0.0,11,0
2018112811,Boston University,436,41.16,0.0,11,0
2018112811,Fenway,392,41.16,0.0,11,0
2018112811,Financial District,391,41.16,0.0,11,0
2018112811,Haymarket Square,396,41.16,0.0,11,0
2018112811,North End,476,41.16,0.0,11,0
2018112811,North Station,407,41.16,0.0,11,0
2018112811,Northeastern University,444,41.16,0.0,11,0
2018112811,South Station,450,41.16,0.0,11,0
2018112811,Theatre District,373,41.16,0.0,11,0
2018112811,West End,376,41.16,0.0,11,0
2018112812,Back Bay,431,40.77,0.0,12,0
2018112812,Beacon Hill,411,40.77,0.0,12,0
2018112812,Boston University,399,40.77,0.0,12,0
2018112812,Fenway,464,40.77,0.0,12,0
2018112812,Financial District,415,40.77000000000001,0.0,12,0
2018112812,Haymarket Square,415,40.77000000000001,0.0,12,0
2018112812,North End,435,40.77,0.0,12,0
2018112812,North Station,376,40.77,0.0,12,0
2018112812,Northeastern University,477,40.77,0.0,12,0
2018112812,South Station,388,40.77,0.0,12,0
2018112812,Theatre District,355,40.77,0.0,12,0
2018112812,West End,426,40.77,0.0,12,0
2018112813,Back Bay,481,40.92,0.0,13,0
2018112813,Beacon Hill,402,40.92,0.0,13,0
2018112813,Boston University,422,40.92,0.0,13,0
2018112813,Fenway,420,40.92,0.0,13,0
2018112813,Financial District,400,40.92,0.0,13,0
2018112813,Haymarket Square,337,40.92,0.0,13,0
2018112813,North End,408,40.92,0.0,13,0
2018112813,North Station,459,40.92000000000001,0.0,13,0
2018112813,Northeastern University,398,40.92,0.0,13,0
2018112813,South Station,426,40.92,0.0,13,0
2018112813,Theatre District,427,40.92,0.0,13,0
2018112813,West End,412,40.92,0.0,13,0
2018112814,Back Bay,267,41.47,0.0,14,0
2018112814,Beacon Hill,264,41.47,0.0,14,0
2018112814,Boston University,277,41.47,0.0,14,0
2018112814,Fenway,306,41.47,0.0,14,0
2018112814,Financial District,336,41.47,0.0,14,0
2018112814,Haymarket Square,251,41.47,0.0,14,0
2018112814,North End,319,41.47,0.0,14,0
2018112814,North Station,275,41.47,0.0,14,0
2018112814,Northeastern University,324,41.47,0.0,14,0
2018112814,South Station,225,41.47,0.0,14,0
2018112814,Theatre District,268,41.47,0.0,14,0
2018112814,West End,320,41.47,0.0,14,0
2018112815,Back Bay,302,41.91,0.0,15,0
2018112815,Beacon Hill,258,41.91,0.0,15,0
2018112815,Boston University,257,41.91,0.0,15,0
2018112815,Fenway,248,41.91,0.0,15,0
2018112815,Financial District,265,41.91,0.0,15,0
2018112815,Haymarket Square,233,41.91,0.0,15,0
2018112815,North End,311,41.91,0.0,15,0
2018112815,North Station,309,41.91,0.0,15,0
2018112815,Northeastern University,313,41.91,0.0,15,0
2018112815,South Station,261,41.91,0.0,15,0
2018112815,Theatre District,268,41.91,0.0,15,0
2018112815,West End,251,41.91,0.0,15,0
2018112816,Back Bay,341,41.35,0.0,16,0
2018112816,Beacon Hill,281,41.35,0.0,16,0
2018112816,Boston University,275,41.35,0.0,16,0
2018112816,Fenway,298,41.35,0.0,16,0
2018112816,Financial District,301,41.35,0.0,16,0
2018112816,Haymarket Square,312,41.35,0.0,16,0
2018112816,North End,314,41.35,0.0,16,0
2018112816,North Station,342,41.35,0.0,16,0
2018112816,Northeastern University,331,41.35,0.0,16,0
2018112816,South Station,306,41.35,0.0,16,0
2018112816,Theatre District,299,41.35,0.0,16,0
2018112816,West End,344,41.35,0.0,16,0
2018112817,Back Bay,412,40.43,0.0,17,0
2018112817,Beacon Hill,436,40.43,0.0,17,0
2018112817,Boston University,448,40.43,0.0,17,0
2018112817,Fenway,502,40.43,0.0,17,0
2018112817,Financial District,427,40.43,0.0,17,0
2018112817,Haymarket Square,374,40.43,0.0,17,0
2018112817,North End,380,40.43,0.0,17,0
2018112817,North Station,403,40.43,0.0,17,0
2018112817,Northeastern University,422,40.43,0.0,17,0
2018112817,South Station,406,40.42999999999999,0.0,17,0
2018112817,Theatre District,432,40.43,0.0,17,0
2018112817,West End,350,40.43,0.0,17,0
2018112818,Back Bay,438,39.35,0.0,18,0
2018112818,Beacon Hill,470,39.35,0.0,18,0
2018112818,Boston University,410,39.35,0.0,18,0
2018112818,Fenway,419,39.35,0.0,18,0
2018112818,Financial District,456,39.35,0.0,18,0
2018112818,Haymarket Square,408,39.35,0.0,18,0
2018112818,North End,472,39.35,0.0,18,0
2018112818,North Station,489,39.35,0.0,18,0
2018112818,Northeastern University,387,39.35,0.0,18,0
2018112818,South Station,491,39.35,0.0,18,0
2018112818,Theatre District,448,39.35,0.0,18,0
2018112818,West End,416,39.35,0.0,18,0
2018112819,Back Bay,452,39.41,0.0,19,0
2018112819,Beacon Hill,474,39.410000000000004,0.0,19,0
2018112819,Boston University,494,39.41,0.0,19,0
2018112819,Fenway,433,39.41,0.0,19,0
2018112819,Financial District,518,39.41,0.0,19,0
2018112819,Haymarket Square,506,39.41,0.0,19,0
2018112819,North End,503,39.41,0.0,19,0
2018112819,North Station,520,39.41,0.0,19,0
2018112819,Northeastern University,395,39.41,0.0,19,0
2018112819,South Station,413,39.41,0.0,19,0
2018112819,Theatre District,450,39.41,0.0,19,0
2018112819,West End,458,39.41,0.0,19,0
2018112820,Back Bay,474,38.42,0.0,20,0
2018112820,Beacon Hill,461,38.419999999999995,0.0,20,0
2018112820,Boston University,474,38.42,0.0,20,0
2018112820,Fenway,464,38.42,0.0,20,0
2018112820,Financial District,479,38.42,0.0,20,0
2018112820,Haymarket Square,470,38.42,0.0,20,0
2018112820,North End,423,38.42,0.0,20,0
2018112820,North Station,431,38.42,0.0,20,0
2018112820,Northeastern University,491,38.42,0.0,20,0
2018112820,South Station,445,38.42,0.0,20,0
2018112820,Theatre District,400,38.42,0.0,20,0
2018112820,West End,448,38.42,0.0,20,0
2018112821,Back Bay,427,37.92,0.0,21,0
2018112821,Beacon Hill,385,37.92,0.0,21,0
2018112821,Boston University,359,37.92,0.0,21,0
2018112821,Fenway,312,37.92,0.0,21,0
2018112821,Financial District,450,37.92,0.0,21,0
2018112821,Haymarket Square,410,37.92,0.0,21,0
2018112821,North End,373,37.92,0.0,21,0
2018112821,North Station,359,37.92,0.0,21,0
2018112821,Northeastern University,422,37.92,0.0,21,0
2018112821,South Station,387,37.92,0.0,21,0
2018112821,Theatre District,377,37.92,0.0,21,0
2018112821,West End,419,37.92,0.0,21,0
2018112822,Back Bay,407,37.44,0.0,22,0
2018112822,Beacon Hill,498,37.44,0.0,22,0
2018112822,Boston University,406,37.44,0.0,22,0
2018112822,Fenway,318,37.44,0.0,22,0
2018112822,Financial District,365,37.44,0.0,22,0
2018112822,Haymarket Square,379,37.44,0.0,22,0
2018112822,North End,335,37.44,0.0,22,0
2018112822,North Station,341,37.44,0.0,22,0
2018112822,Northeastern University,391,37.44,0.0,22,0
2018112822,South Station,396,37.44,0.0,22,0
2018112822,Theatre District,406,37.44,0.0,22,0
2018112822,West End,387,37.44,0.0,22,0
2018112823,Back Bay,352,38.18,0.0,23,0
2018112823,Beacon Hill,457,38.18,0.0,23,0
2018112823,Boston University,346,38.18,0.0,23,0
2018112823,Fenway,342,38.18,0.0,23,0
2018112823,Financial District,339,38.18,0.0,23,0
2018112823,Haymarket Square,350,38.18,0.0,23,0
2018112823,North End,335,38.18,0.0,23,0
2018112823,North Station,391,38.18,0.0,23,0
2018112823,Northeastern University,325,38.18,0.0,23,0
2018112823,South Station,361,38.18,0.0,23,0
2018112823,Theatre District,423,38.18,0.0,23,0
2018112823,West End,347,38.18,0.0,23,0
2018112900,Back Bay,33,38.68,0.0,0,0
2018112900,Beacon Hill,45,38.68,0.0,0,0
2018112900,Boston University,48,38.68,0.0,0,0
2018112900,Fenway,39,38.68,0.0,0,0
2018112900,Financial District,33,38.68,0.0,0,0
2018112900,Haymarket Square,44,38.68,0.0,0,0
2018112900,North End,71,38.68,0.0,0,0
2018112900,North Station,45,38.68,0.0,0,0
2018112900,Northeastern University,73,38.68,0.0,0,0
2018112900,South Station,68,38.68,0.0,0,0
2018112900,Theatre District,49,38.68,0.0,0,0
2018112900,West End,76,38.68,0.0,0,0
2018112901,Back Bay,168,38.74,0.0,1,0
2018112901,Beacon Hill,233,38.74,0.0,1,0
2018112901,Boston University,204,38.74,0.0,1,0
2018112901,Fenway,198,38.74,0.0,1,0
2018112901,Financial District,160,38.74,0.0,1,0
2018112901,Haymarket Square,190,38.74,0.0,1,0
2018112901,North End,191,38.74,0.0,1,0
2018112901,North Station,185,38.74,0.0,1,0
2018112901,Northeastern University,169,38.74,0.0,1,0
2018112901,South Station,233,38.74,0.0,1,0
2018112901,Theatre District,227,38.739999999999995,0.0,1,0
2018112901,West End,182,38.74,0.0,1,0
2018112902,Back Bay,167,38.8,0.0,2,0
2018112902,Beacon Hill,144,38.8,0.0,2,0
2018112902,Boston University,193,38.8,0.0,2,0
2018112902,Fenway,125,38.8,0.0,2,0
2018112902,Financial District,129,38.8,0.0,2,0
2018112902,Haymarket Square,178,38.8,0.0,2,0
2018112902,North End,141,38.8,0.0,2,0
2018112902,North Station,201,38.8,0.0,2,0
2018112902,Northeastern University,132,38.8,0.0,2,0
2018112902,South Station,143,38.8,0.0,2,0
2018112902,Theatre District,147,38.8,0.0,2,0
2018112902,West End,172,38.8,0.0,2,0
2018112903,Back Bay,141,38.61,0.0,3,0
2018112903,Beacon Hill,198,38.61,0.0,3,0
2018112903,Boston University,153,38.61,0.0,3,0
2018112903,Fenway,138,38.61,0.0,3,0
2018112903,Financial District,155,38.61,0.0,3,0
2018112903,Haymarket Square,144,38.61,0.0,3,0
2018112903,North End,138,38.61,0.0,3,0
2018112903,North Station,114,38.61,0.0,3,0
2018112903,Northeastern University,179,38.61,0.0,3,0
2018112903,South Station,192,38.61,0.0,3,0
2018112903,Theatre District,153,38.61,0.0,3,0
2018112903,West End,167,38.61,0.0,3,0
2018112904,Back Bay,158,37.79,0.0,4,0
2018112904,Beacon Hill,186,37.79,0.0,4,0
2018112904,Boston University,226,37.79,0.0,4,0
2018112904,Fenway,155,37.79,0.0,4,0
2018112904,Financial District,155,37.79,0.0,4,0
2018112904,Haymarket Square,130,37.79,0.0,4,0
2018112904,North End,130,37.79,0.0,4,0
2018112904,North Station,132,37.79,0.0,4,0
2018112904,Northeastern University,162,37.79,0.0,4,0
2018112904,South Station,151,37.79,0.0,4,0
2018112904,Theatre District,140,37.79,0.0,4,0
2018112904,West End,147,37.79,0.0,4,0
2018112905,Back Bay,145,37.92,0.0,5,0
2018112905,Beacon Hill,173,37.92,0.0,5,0
2018112905,Boston University,157,37.92,0.0,5,0
2018112905,Fenway,157,37.92,0.0,5,0
2018112905,Financial District,149,37.92,0.0,5,0
2018112905,Haymarket Square,157,37.92,0.0,5,0
2018112905,North End,180,37.92,0.0,5,0
2018112905,North Station,133,37.92,0.0,5,0
2018112905,Northeastern University,122,37.92,0.0,5,0
2018112905,South Station,192,37.92,0.0,5,0
2018112905,Theatre District,141,37.92,0.0,5,0
2018112905,West End,166,37.92,0.0,5,0
2018112906,Back Bay,139,37.4,0.0,6,0
2018112906,Beacon Hill,127,37.4,0.0,6,0
2018112906,Boston University,152,37.4,0.0,6,0
2018112906,Fenway,180,37.4,0.0,6,0
2018112906,Financial District,172,37.4,0.0,6,0
2018112906,Haymarket Square,148,37.4,0.0,6,0
2018112906,North End,191,37.4,0.0,6,0
2018112906,North Station,145,37.4,0.0,6,0
2018112906,Northeastern University,111,37.4,0.0,6,0
2018112906,South Station,187,37.4,0.0,6,0
2018112906,Theatre District,164,37.4,0.0,6,0
2018112906,West End,156,37.4,0.0,6,0
2018112907,Back Bay,118,38.35,0.0,7,0
2018112907,Beacon Hill,180,38.35,0.0,7,0
2018112907,Boston University,140,38.35,0.0,7,0
2018112907,Fenway,129,38.35,0.0,7,0
2018112907,Financial District,158,38.35,0.0,7,0
2018112907,Haymarket Square,147,38.35,0.0,7,0
2018112907,North End,162,38.35,0.0,7,0
2018112907,North Station,170,38.35,0.0,7,0
2018112907,Northeastern University,146,38.35,0.0,7,0
2018112907,South Station,186,38.35,0.0,7,0
2018112907,Theatre District,162,38.35,0.0,7,0
2018112907,West End,174,38.35,0.0,7,0
2018112908,Back Bay,131,40.29,0.0,8,0
2018112908,Beacon Hill,148,40.29,0.0,8,0
2018112908,Boston University,184,40.29,0.0,8,0
2018112908,Fenway,144,40.29,0.0,8,0
2018112908,Financial District,170,40.29,0.0,8,0
2018112908,Haymarket Square,148,40.29,0.0,8,0
2018112908,North End,186,40.29,0.0,8,0
2018112908,North Station,189,40.29,0.0,8,0
2018112908,Northeastern University,171,40.29,0.0,8,0
2018112908,South Station,146,40.29,0.0,8,0
2018112908,Theatre District,119,40.29,0.0,8,0
2018112908,West End,136,40.29,0.0,8,0
2018112909,Back Bay,142,41.39,0.0,9,0
2018112909,Beacon Hill,161,41.39,0.0,9,0
2018112909,Boston University,188,41.39,0.0,9,0
2018112909,Fenway,164,41.39,0.0,9,0
2018112909,Financial District,142,41.39,0.0,9,0
2018112909,Haymarket Square,168,41.39,0.0,9,0
2018112909,North End,114,41.39,0.0,9,0
2018112909,North Station,136,41.39,0.0,9,0
2018112909,Northeastern University,189,41.39,0.0,9,0
2018112909,South Station,148,41.39,0.0,9,0
2018112909,Theatre District,157,41.39,0.0,9,0
2018112909,West End,163,41.39,0.0,9,0
2018112910,Back Bay,146,43.0,0.0,10,0
2018112910,Beacon Hill,159,43.0,0.0,10,0
2018112910,Boston University,153,43.0,0.0,10,0
2018112910,Fenway,163,43.0,0.0,10,0
2018112910,Financial District,118,43.0,0.0,10,0
2018112910,Haymarket Square,179,43.0,0.0,10,0
2018112910,North End,127,43.0,0.0,10,0
2018112910,North Station,171,43.0,0.0,10,0
2018112910,Northeastern University,167,43.0,0.0,10,0
2018112910,South Station,187,43.0,0.0,10,0
2018112910,Theatre District,145,43.0,0.0,10,0
2018112910,West End,157,43.0,0.0,10,0
2018112911,Back Bay,156,43.91,0.0,11,0
2018112911,Beacon Hill,142,43.91,0.0,11,0
2018112911,Boston University,139,43.91,0.0,11,0
2018112911,Fenway,146,43.91,0.0,11,0
2018112911,Financial District,162,43.91,0.0,11,0
2018112911,Haymarket Square,170,43.91,0.0,11,0
2018112911,North End,161,43.91,0.0,11,0
2018112911,North Station,165,43.91,0.0,11,0
2018112911,Northeastern University,196,43.91,0.0,11,0
2018112911,South Station,156,43.91,0.0,11,0
2018112911,Theatre District,152,43.91,0.0,11,0
2018112911,West End,127,43.91,0.0,11,0
2018112912,Back Bay,147,43.91,0.0,12,0
2018112912,Beacon Hill,148,43.91,0.0,12,0
2018112912,Boston University,154,43.91,0.0,12,0
2018112912,Fenway,150,43.91,0.0,12,0
2018112912,Financial District,149,43.91,0.0,12,0
2018112912,Haymarket Square,186,43.91,0.0,12,0
2018112912,North End,170,43.91,0.0,12,0
2018112912,North Station,173,43.91,0.0,12,0
2018112912,Northeastern University,169,43.91,0.0,12,0
2018112912,South Station,180,43.91,0.0,12,0
2018112912,Theatre District,116,43.91,0.0,12,0
2018112912,West End,130,43.91,0.0,12,0
2018112913,Back Bay,173,43.65,0.0,13,0
2018112913,Beacon Hill,137,43.65,0.0,13,0
2018112913,Boston University,159,43.65,0.0,13,0
2018112913,Fenway,160,43.65,0.0,13,0
2018112913,Financial District,142,43.65,0.0,13,0
2018112913,Haymarket Square,150,43.65,0.0,13,0
2018112913,North End,146,43.65,0.0,13,0
2018112913,North Station,133,43.65,0.0,13,0
2018112913,Northeastern University,162,43.65,0.0,13,0
2018112913,South Station,193,43.64999999999999,0.0,13,0
2018112913,Theatre District,166,43.65,0.0,13,0
2018112913,West End,151,43.65,0.0,13,0
2018112914,Back Bay,145,43.49,0.0,14,0
2018112914,Beacon Hill,125,43.49,0.0,14,0
2018112914,Boston University,155,43.49,0.0,14,0
2018112914,Fenway,164,43.49,0.0,14,0
2018112914,Financial District,200,43.49,0.0,14,0
2018112914,Haymarket Square,153,43.49,0.0,14,0
2018112914,North End,142,43.49,0.0,14,0
2018112914,North Station,151,43.49,0.0,14,0
2018112914,Northeastern University,199,43.49,0.0,14,0
2018112914,South Station,141,43.49,0.0,14,0
2018112914,Theatre District,152,43.49,0.0,14,0
2018112914,West End,124,43.49,0.0,14,0
2018112915,Back Bay,130,42.5,0.0,15,0
2018112915,Beacon Hill,136,42.5,0.0,15,0
2018112915,Boston University,156,42.5,0.0,15,0
2018112915,Fenway,166,42.5,0.0,15,0
2018112915,Financial District,162,42.5,0.0,15,0
2018112915,Haymarket Square,158,42.5,0.0,15,0
2018112915,North End,185,42.5,0.0,15,0
2018112915,North Station,156,42.5,0.0,15,0
2018112915,Northeastern University,144,42.5,0.0,15,0
2018112915,South Station,136,42.5,0.0,15,0
2018112915,Theatre District,148,42.5,0.0,15,0
2018112915,West End,181,42.5,0.0,15,0
2018112916,Back Bay,207,41.97,0.0,16,0
2018112916,Beacon Hill,209,41.97,0.0,16,0
2018112916,Boston University,221,41.97,0.0,16,0
2018112916,Fenway,191,41.97,0.0,16,0
2018112916,Financial District,196,41.96999999999999,0.0,16,0
2018112916,Haymarket Square,169,41.97,0.0,16,0
2018112916,North End,190,41.97,0.0,16,0
2018112916,North Station,200,41.97,0.0,16,0
2018112916,Northeastern University,180,41.97,0.0,16,0
2018112916,South Station,226,41.97,0.0,16,0
2018112916,Theatre District,160,41.97,0.0,16,0
2018112916,West End,191,41.97,0.0,16,0
2018112917,Back Bay,144,40.39,0.0,17,0
2018112917,Beacon Hill,155,40.39,0.0,17,0
2018112917,Boston University,116,40.39,0.0,17,0
2018112917,Fenway,195,40.39,0.0,17,0
2018112917,Financial District,154,40.39,0.0,17,0
2018112917,Haymarket Square,170,40.39,0.0,17,0
2018112917,North End,169,40.39,0.0,17,0
2018112917,North Station,159,40.39,0.0,17,0
2018112917,Northeastern University,178,40.39,0.0,17,0
2018112917,South Station,166,40.39,0.0,17,0
2018112917,Theatre District,131,40.39,0.0,17,0
2018112917,West End,135,40.39,0.0,17,0
2018112918,Back Bay,120,40.29,0.0,18,0
2018112918,Beacon Hill,125,40.29,0.0,18,0
2018112918,Boston University,157,40.29,0.0,18,0
2018112918,Fenway,181,40.29,0.0,18,0
2018112918,Financial District,155,40.29,0.0,18,0
2018112918,Haymarket Square,169,40.29,0.0,18,0
2018112918,North End,158,40.29,0.0,18,0
2018112918,North Station,164,40.29,0.0,18,0
2018112918,Northeastern University,150,40.29,0.0,18,0
2018112918,South Station,150,40.29,0.0,18,0
2018112918,Theatre District,189,40.29,0.0,18,0
2018112918,West End,154,40.29,0.0,18,0
2018112919,Back Bay,142,38.6,0.0,19,0
2018112919,Beacon Hill,151,38.6,0.0,19,0
2018112919,Boston University,137,38.6,0.0,19,0
2018112919,Fenway,160,38.6,0.0,19,0
2018112919,Financial District,160,38.6,0.0,19,0
2018112919,Haymarket Square,180,38.6,0.0,19,0
2018112919,North End,191,38.6,0.0,19,0
2018112919,North Station,143,38.6,0.0,19,0
2018112919,Northeastern University,140,38.6,0.0,19,0
2018112919,South Station,149,38.6,0.0,19,0
2018112919,Theatre District,160,38.6,0.0,19,0
2018112919,West End,159,38.6,0.0,19,0
2018112920,Back Bay,158,37.95,0.0,20,0
2018112920,Beacon Hill,133,37.95,0.0,20,0
2018112920,Boston University,140,37.95,0.0,20,0
2018112920,Fenway,141,37.95,0.0,20,0
2018112920,Financial District,166,37.95,0.0,20,0
2018112920,Haymarket Square,148,37.95,0.0,20,0
2018112920,North End,167,37.95,0.0,20,0
2018112920,North Station,125,37.95,0.0,20,0
2018112920,Northeastern University,162,37.95,0.0,20,0
2018112920,South Station,201,37.95,0.0,20,0
2018112920,Theatre District,147,37.95,0.0,20,0
2018112920,West End,184,37.95,0.0,20,0
2018112921,Back Bay,171,37.11,0.0,21,0
2018112921,Beacon Hill,152,37.11,0.0,21,0
2018112921,Boston University,165,37.11,0.0,21,0
2018112921,Fenway,134,37.11,0.0,21,0
2018112921,Financial District,171,37.11,0.0,21,0
2018112921,Haymarket Square,146,37.11,0.0,21,0
2018112921,North End,129,37.11,0.0,21,0
2018112921,North Station,136,37.11,0.0,21,0
2018112921,Northeastern University,206,37.11,0.0,21,0
2018112921,South Station,136,37.11,0.0,21,0
2018112921,Theatre District,145,37.11,0.0,21,0
2018112921,West End,181,37.11,0.0,21,0
2018112922,Back Bay,124,35.95,0.0,22,0
2018112922,Beacon Hill,159,35.95,0.0,22,0
2018112922,Boston University,169,35.95,0.0,22,0
2018112922,Fenway,141,35.95,0.0,22,0
2018112922,Financial District,166,35.95,0.0,22,0
2018112922,Haymarket Square,160,35.95,0.0,22,0
2018112922,North End,98,35.95,0.0,22,0
2018112922,North Station,188,35.95,0.0,22,0
2018112922,Northeastern University,175,35.95,0.0,22,0
2018112922,South Station,159,35.95,0.0,22,0
2018112922,Theatre District,178,35.95,0.0,22,0
2018112922,West End,155,35.95,0.0,22,0
2018112923,Back Bay,148,34.38,0.0,23,0
2018112923,Beacon Hill,125,34.38,0.0,23,0
2018112923,Boston University,141,34.38,0.0,23,0
2018112923,Fenway,144,34.38,0.0,23,0
2018112923,Financial District,158,34.38,0.0,23,0
2018112923,Haymarket Square,153,34.38,0.0,23,0
2018112923,North End,192,34.38,0.0,23,0
2018112923,North Station,170,34.38,0.0,23,0
2018112923,Northeastern University,154,34.38,0.0,23,0
2018112923,South Station,161,34.38,0.0,23,0
2018112923,Theatre District,181,34.38,0.0,23,0
2018112923,West End,145,34.38,0.0,23,0
2018113000,Back Bay,135,33.78,0.0,0,0
2018113000,Beacon Hill,174,33.78,0.0,0,0
2018113000,Boston University,177,33.78,0.0,0,0
2018113000,Fenway,160,33.78,0.0,0,0
2018113000,Financial District,136,33.78,0.0,0,0
2018113000,Haymarket Square,175,33.78,0.0,0,0
2018113000,North End,120,33.78,0.0,0,0
2018113000,North Station,142,33.78,0.0,0,0
2018113000,Northeastern University,130,33.78,0.0,0,0
2018113000,South Station,171,33.78,0.0,0,0
2018113000,Theatre District,158,33.78,0.0,0,0
2018113000,West End,194,33.78,0.0,0,0
2018113001,Back Bay,154,31.740000000000002,0.0,1,0
2018113001,Beacon Hill,197,31.74,0.0,1,0
2018113001,Boston University,111,31.74,0.0,1,0
2018113001,Fenway,156,31.74,0.0,1,0
2018113001,Financial District,155,31.74,0.0,1,0
2018113001,Haymarket Square,183,31.740000000000002,0.0,1,0
2018113001,North End,143,31.74,0.0,1,0
2018113001,North Station,136,31.739999999999995,0.0,1,0
2018113001,Northeastern University,147,31.74,0.0,1,0
2018113001,South Station,165,31.74,0.0,1,0
2018113001,Theatre District,154,31.740000000000002,0.0,1,0
2018113001,West End,171,31.74,0.0,1,0
2018113002,Back Bay,161,30.419999999999998,0.0,2,0
2018113002,Beacon Hill,132,30.42,0.0,2,0
2018113002,Boston University,124,30.42,0.0,2,0
2018113002,Fenway,163,30.42,0.0,2,0
2018113002,Financial District,193,30.42,0.0,2,0
2018113002,Haymarket Square,146,30.420000000000005,0.0,2,0
2018113002,North End,168,30.42,0.0,2,0
2018113002,North Station,173,30.419999999999998,0.0,2,0
2018113002,Northeastern University,132,30.42,0.0,2,0
2018113002,South Station,157,30.42,0.0,2,0
2018113002,Theatre District,187,30.419999999999998,0.0,2,0
2018113002,West End,136,30.419999999999998,0.0,2,0
2018113003,Back Bay,214,30.09,0.0,3,0
2018113003,Beacon Hill,149,30.09,0.0,3,0
2018113003,Boston University,140,30.090000000000003,0.0,3,0
2018113003,Fenway,174,30.09,0.0,3,0
2018113003,Financial District,196,30.090000000000003,0.0,3,0
2018113003,Haymarket Square,178,30.089999999999996,0.0,3,0
2018113003,North End,168,30.09,0.0,3,0
2018113003,North Station,128,30.09,0.0,3,0
2018113003,Northeastern University,154,30.089999999999996,0.0,3,0
2018113003,South Station,164,30.09,0.0,3,0
2018113003,Theatre District,221,30.09,0.0,3,0
2018113003,West End,142,30.09,0.0,3,0
2018113004,Back Bay,170,30.040000000000003,0.0,4,0
2018113004,Beacon Hill,162,30.039999999999996,0.0,4,0
2018113004,Boston University,166,30.039999999999996,0.0,4,0
2018113004,Fenway,130,30.04,0.0,4,0
2018113004,Financial District,144,30.040000000000003,0.0,4,0
2018113004,Haymarket Square,127,30.04,0.0,4,0
2018113004,North End,184,30.04,0.0,4,0
2018113004,North Station,198,30.04,0.0,4,0
2018113004,Northeastern University,148,30.04,0.0,4,0
2018113004,South Station,148,30.04,0.0,4,0
2018113004,Theatre District,139,30.039999999999996,0.0,4,0
2018113004,West End,156,30.04,0.0,4,0
2018113005,Back Bay,173,29.680000000000003,0.0,5,0
2018113005,Beacon Hill,170,29.680000000000003,0.0,5,0
2018113005,Boston University,183,29.679999999999996,0.0,5,0
2018113005,Fenway,141,29.68,0.0,5,0
2018113005,Financial District,175,29.68,0.0,5,0
2018113005,Haymarket Square,134,29.68,0.0,5,0
2018113005,North End,152,29.679999999999996,0.0,5,0
2018113005,North Station,130,29.68,0.0,5,0
2018113005,Northeastern University,149,29.68,0.0,5,0
2018113005,South Station,152,29.679999999999996,0.0,5,0
2018113005,Theatre District,156,29.68,0.0,5,0
2018113005,West End,157,29.68,0.0,5,0
2018113006,Back Bay,133,29.09,0.0,6,0
2018113006,Beacon Hill,191,29.089999999999996,0.0,6,0
2018113006,Boston University,147,29.089999999999996,0.0,6,0
2018113006,Fenway,138,29.09,0.0,6,0
2018113006,Financial District,155,29.09,0.0,6,0
2018113006,Haymarket Square,173,29.09,0.0,6,0
2018113006,North End,144,29.09,0.0,6,0
2018113006,North Station,155,29.09,0.0,6,0
2018113006,Northeastern University,134,29.09,0.0,6,0
2018113006,South Station,187,29.09,0.0,6,0
2018113006,Theatre District,139,29.09,0.0,6,0
2018113006,West End,176,29.09,0.0,6,0
2018113007,Back Bay,180,29.39,0.0,7,0
2018113007,Beacon Hill,131,29.39,0.0,7,0
2018113007,Boston University,144,29.39,0.0,7,0
2018113007,Fenway,192,29.39,0.0,7,0
2018113007,Financial District,154,29.390000000000004,0.0,7,0
2018113007,Haymarket Square,143,29.390000000000004,0.0,7,0
2018113007,North End,156,29.39,0.0,7,0
2018113007,North Station,159,29.39,0.0,7,0
2018113007,Northeastern University,118,29.39,0.0,7,0
2018113007,South Station,125,29.39,0.0,7,0
2018113007,Theatre District,157,29.390000000000004,0.0,7,0
2018113007,West End,213,29.389999999999997,0.0,7,0
2018113008,Back Bay,150,31.8,0.0,8,0
2018113008,Beacon Hill,154,31.799999999999997,0.0,8,0
2018113008,Boston University,161,31.8,0.0,8,0
2018113008,Fenway,131,31.8,0.0,8,0
2018113008,Financial District,155,31.8,0.0,8,0
2018113008,Haymarket Square,176,31.8,0.0,8,0
2018113008,North End,148,31.800000000000004,0.0,8,0
2018113008,North Station,105,31.8,0.0,8,0
2018113008,Northeastern University,182,31.8,0.0,8,0
2018113008,South Station,150,31.8,0.0,8,0
2018113008,Theatre District,193,31.800000000000004,0.0,8,0
2018113008,West End,167,31.8,0.0,8,0
2018113009,Back Bay,144,37.28,0.0,9,0
2018113009,Beacon Hill,162,37.28,0.0,9,0
2018113009,Boston University,155,37.28,0.0,9,0
2018113009,Fenway,172,37.28,0.0,9,0
2018113009,Financial District,173,37.28,0.0,9,0
2018113009,Haymarket Square,145,37.28,0.0,9,0
2018113009,North End,152,37.28,0.0,9,0
2018113009,North Station,135,37.28,0.0,9,0
2018113009,Northeastern University,166,37.28,0.0,9,0
2018113009,South Station,173,37.28,0.0,9,0
2018113009,Theatre District,146,37.28,0.0,9,0
2018113009,West End,149,37.28,0.0,9,0
2018113010,Back Bay,177,39.79,0.0,10,0
2018113010,Beacon Hill,149,39.79,0.0,10,0
2018113010,Boston University,150,39.79,0.0,10,0
2018113010,Fenway,156,39.79,0.0,10,0
2018113010,Financial District,173,39.79,0.0,10,0
2018113010,Haymarket Square,120,39.79,0.0,10,0
2018113010,North End,180,39.79,0.0,10,0
2018113010,North Station,158,39.79,0.0,10,0
2018113010,Northeastern University,167,39.79,0.0,10,0
2018113010,South Station,171,39.79,0.0,10,0
2018113010,Theatre District,141,39.79,0.0,10,0
2018113010,West End,130,39.79,0.0,10,0
2018113011,Back Bay,116,40.13,0.0,11,0
2018113011,Beacon Hill,124,40.13,0.0,11,0
2018113011,Boston University,129,40.13,0.0,11,0
2018113011,Fenway,127,40.13,0.0,11,0
2018113011,Financial District,187,40.13,0.0,11,0
2018113011,Haymarket Square,202,40.13,0.0,11,0
2018113011,North End,143,40.13,0.0,11,0
2018113011,North Station,199,40.13,0.0,11,0
2018113011,Northeastern University,151,40.13,0.0,11,0
2018113011,South Station,174,40.13,0.0,11,0
2018113011,Theatre District,146,40.13,0.0,11,0
2018113011,West End,174,40.13,0.0,11,0
2018113012,Back Bay,157,41.46,0.0,12,0
2018113012,Beacon Hill,142,41.46,0.0,12,0
2018113012,Boston University,163,41.46,0.0,12,0
2018113012,Fenway,165,41.46,0.0,12,0
2018113012,Financial District,163,41.46,0.0,12,0
2018113012,Haymarket Square,132,41.46,0.0,12,0
2018113012,North End,135,41.46,0.0,12,0
2018113012,North Station,166,41.46,0.0,12,0
2018113012,Northeastern University,149,41.46,0.0,12,0
2018113012,South Station,173,41.46,0.0,12,0
2018113012,Theatre District,173,41.46,0.0,12,0
2018113012,West End,154,41.46,0.0,12,0
2018113013,Back Bay,136,41.09,0.0,13,0
2018113013,Beacon Hill,171,41.09,0.0,13,0
2018113013,Boston University,194,41.09,0.0,13,0
2018113013,Fenway,142,41.09,0.0,13,0
2018113013,Financial District,181,41.09,0.0,13,0
2018113013,Haymarket Square,162,41.09,0.0,13,0
2018113013,North End,153,41.09,0.0,13,0
2018113013,North Station,117,41.09,0.0,13,0
2018113013,Northeastern University,158,41.09,0.0,13,0
2018113013,South Station,141,41.09,0.0,13,0
2018113013,Theatre District,161,41.09,0.0,13,0
2018113013,West End,156,41.09,0.0,13,0
2018113014,Back Bay,150,41.53,0.0,14,0
2018113014,Beacon Hill,135,41.53,0.0,14,0
2018113014,Boston University,214,41.53,0.0,14,0
2018113014,Fenway,185,41.53,0.0,14,0
2018113014,Financial District,152,41.53,0.0,14,0
2018113014,Haymarket Square,155,41.53,0.0,14,0
2018113014,North End,150,41.53,0.0,14,0
2018113014,North Station,145,41.53,0.0,14,0
2018113014,Northeastern University,144,41.53,0.0,14,0
2018113014,South Station,150,41.53,0.0,14,0
2018113014,Theatre District,162,41.53,0.0,14,0
2018113014,West End,130,41.53,0.0,14,0
2018113015,Back Bay,142,40.86,0.0,15,0
2018113015,Beacon Hill,147,40.86,0.0,15,0
2018113015,Boston University,175,40.86,0.0,15,0
2018113015,Fenway,138,40.86,0.0,15,0
2018113015,Financial District,177,40.86,0.0,15,0
2018113015,Haymarket Square,135,40.86,0.0,15,0
2018113015,North End,175,40.86,0.0,15,0
2018113015,North Station,187,40.86,0.0,15,0
2018113015,Northeastern University,163,40.86,0.0,15,0
2018113015,South Station,169,40.86,0.0,15,0
2018113015,Theatre District,120,40.86,0.0,15,0
2018113015,West End,144,40.86,0.0,15,0
2018113016,Back Bay,182,40.33,0.0,16,0
2018113016,Beacon Hill,175,40.33,0.0,16,0
2018113016,Boston University,121,40.33,0.0,16,0
2018113016,Fenway,188,40.33,0.0,16,0
2018113016,Financial District,165,40.33,0.0,16,0
2018113016,Haymarket Square,155,40.33,0.0,16,0
2018113016,North End,192,40.33,0.0,16,0
2018113016,North Station,142,40.33,0.0,16,0
2018113016,Northeastern University,144,40.33,0.0,16,0
2018113016,South Station,149,40.33,0.0,16,0
2018113016,Theatre District,111,40.33,0.0,16,0
2018113016,West End,148,40.33,0.0,16,0
2018113017,Back Bay,147,40.13,0.0,17,0
2018113017,Beacon Hill,117,40.13,0.0,17,0
2018113017,Boston University,158,40.13,0.0,17,0
2018113017,Fenway,151,40.13,0.0,17,0
2018113017,Financial District,155,40.13,0.0,17,0
2018113017,Haymarket Square,126,40.13,0.0,17,0
2018113017,North End,186,40.13,0.0,17,0
2018113017,North Station,151,40.13,0.0,17,0
2018113017,Northeastern University,183,40.13,0.0,17,0
2018113017,South Station,147,40.13,0.0,17,0
2018113017,Theatre District,174,40.13,0.0,17,0
2018113017,West End,177,40.13,0.0,17,0
2018113018,Back Bay,174,38.62,0.0,18,0
2018113018,Beacon Hill,170,38.62,0.0,18,0
2018113018,Boston University,116,38.62,0.0,18,0
2018113018,Fenway,185,38.62,0.0,18,0
2018113018,Financial District,153,38.62,0.0,18,0
2018113018,Haymarket Square,157,38.62,0.0,18,0
2018113018,North End,180,38.62,0.0,18,0
2018113018,North Station,125,38.62,0.0,18,0
2018113018,Northeastern University,163,38.62,0.0,18,0
2018113018,South Station,156,38.62,0.0,18,0
2018113018,Theatre District,116,38.62,0.0,18,0
2018113018,West End,177,38.62,0.0,18,0
2018113019,Back Bay,159,38.72,0.0,19,0
2018113019,Beacon Hill,170,38.72,0.0,19,0
2018113019,Boston University,174,38.72,0.0,19,0
2018113019,Fenway,137,38.72,0.0,19,0
2018113019,Financial District,148,38.72,0.0,19,0
2018113019,Haymarket Square,153,38.72,0.0,19,0
2018113019,North End,133,38.72,0.0,19,0
2018113019,North Station,153,38.72,0.0,19,0
2018113019,Northeastern University,162,38.72,0.0,19,0
2018113019,South Station,187,38.72,0.0,19,0
2018113019,Theatre District,110,38.72,0.0,19,0
2018113019,West End,186,38.72,0.0,19,0
2018113020,Back Bay,159,37.75,0.0,20,0
2018113020,Beacon Hill,111,37.75,0.0,20,0
2018113020,Boston University,171,37.75,0.0,20,0
2018113020,Fenway,149,37.75,0.0,20,0
2018113020,Financial District,175,37.75,0.0,20,0
2018113020,Haymarket Square,157,37.75,0.0,20,0
2018113020,North End,151,37.75,0.0,20,0
2018113020,North Station,166,37.75,0.0,20,0
2018113020,Northeastern University,177,37.75,0.0,20,0
2018113020,South Station,143,37.75,0.0,20,0
2018113020,Theatre District,123,37.75,0.0,20,0
2018113020,West End,190,37.75,0.0,20,0
2018113021,Back Bay,149,36.89,0.0,21,0
2018113021,Beacon Hill,161,36.89,0.0,21,0
2018113021,Boston University,215,36.89,0.0,21,0
2018113021,Fenway,186,36.89,0.0,21,0
2018113021,Financial District,162,36.89,0.0,21,0
2018113021,Haymarket Square,189,36.89,0.0,21,0
2018113021,North End,230,36.89,0.0,21,0
2018113021,North Station,191,36.89,0.0,21,0
2018113021,Northeastern University,165,36.89,0.0,21,0
2018113021,South Station,179,36.89,0.0,21,0
2018113021,Theatre District,149,36.89,0.0,21,0
2018113021,West End,208,36.89,0.0,21,0
2018113022,Back Bay,113,34.87,0.0,22,0
2018113022,Beacon Hill,146,34.87,0.0,22,0
2018113022,Boston University,163,34.87,0.0,22,0
2018113022,Fenway,150,34.87,0.0,22,0
2018113022,Financial District,170,34.87,0.0,22,0
2018113022,Haymarket Square,149,34.87,0.0,22,0
2018113022,North End,161,34.87,0.0,22,0
2018113022,North Station,156,34.87,0.0,22,0
2018113022,Northeastern University,170,34.87,0.0,22,0
2018113022,South Station,189,34.87,0.0,22,0
2018113022,Theatre District,151,34.87,0.0,22,0
2018113022,West End,154,34.87,0.0,22,0
2018113023,Back Bay,159,34.81,0.0,23,0
2018113023,Beacon Hill,195,34.81,0.0,23,0
2018113023,Boston University,154,34.81,0.0,23,0
2018113023,Fenway,159,34.81,0.0,23,0
2018113023,Financial District,139,34.81,0.0,23,0
2018113023,Haymarket Square,148,34.81,0.0,23,0
2018113023,North End,174,34.81,0.0,23,0
2018113023,North Station,114,34.81,0.0,23,0
2018113023,Northeastern University,168,34.81,0.0,23,0
2018113023,South Station,139,34.81,0.0,23,0
2018113023,Theatre District,160,34.81,0.0,23,0
2018113023,West End,163,34.81,0.0,23,0
2018120100,Back Bay,148,34.62,0.0,0,1
2018120100,Beacon Hill,180,34.62,0.0,0,1
2018120100,Boston University,111,34.62,0.0,0,1
2018120100,Fenway,193,34.62,0.0,0,1
2018120100,Financial District,149,34.62,0.0,0,1
2018120100,Haymarket Square,161,34.62,0.0,0,1
2018120100,North End,158,34.62,0.0,0,1
2018120100,North Station,168,34.62,0.0,0,1
2018120100,Northeastern University,137,34.62,0.0,0,1
2018120100,South Station,140,34.62,0.0,0,1
2018120100,Theatre District,155,34.62,0.0,0,1
2018120100,West End,172,34.62,0.0,0,1
2018120101,Back Bay,197,34.59,0.0,1,1
2018120101,Beacon Hill,161,34.59,0.0,1,1
2018120101,Boston University,151,34.59,0.0,1,1
2018120101,Fenway,130,34.59,0.0,1,1
2018120101,Financial District,179,34.59,0.0,1,1
2018120101,Haymarket Square,140,34.59,0.0,1,1
2018120101,North End,172,34.59,0.0,1,1
2018120101,North Station,139,34.59,0.0,1,1
2018120101,Northeastern University,157,34.59,0.0,1,1
2018120101,South Station,165,34.59,0.0,1,1
2018120101,Theatre District,108,34.59,0.0,1,1
2018120101,West End,173,34.59,0.0,1,1
2018120102,Back Bay,154,34.37,0.0,2,1
2018120102,Beacon Hill,172,34.37,0.0,2,1
2018120102,Boston University,158,34.37,0.0,2,1
2018120102,Fenway,141,34.37,0.0,2,1
2018120102,Financial District,181,34.37,0.0,2,1
2018120102,Haymarket Square,170,34.37,0.0,2,1
2018120102,North End,148,34.37,0.0,2,1
2018120102,North Station,170,34.37,0.0,2,1
2018120102,Northeastern University,152,34.37,0.0,2,1
2018120102,South Station,130,34.37,0.0,2,1
2018120102,Theatre District,161,34.37,0.0,2,1
2018120102,West End,135,34.37,0.0,2,1
2018120103,Back Bay,191,32.34,0.0,3,1
2018120103,Beacon Hill,123,32.34,0.0,3,1
2018120103,Boston University,150,32.34,0.0,3,1
2018120103,Fenway,153,32.34,0.0,3,1
2018120103,Financial District,142,32.34,0.0,3,1
2018120103,Haymarket Square,162,32.34,0.0,3,1
2018120103,North End,153,32.34,0.0,3,1
2018120103,North Station,161,32.34,0.0,3,1
2018120103,Northeastern University,193,32.34,0.0,3,1
2018120103,South Station,172,32.34,0.0,3,1
2018120103,Theatre District,134,32.34,0.0,3,1
2018120103,West End,138,32.34,0.0,3,1
2018120104,Back Bay,161,31.869999999999997,0.0,4,1
2018120104,Beacon Hill,149,31.87,0.0,4,1
2018120104,Boston University,172,31.87,0.0,4,1
2018120104,Fenway,155,31.87,0.0,4,1
2018120104,Financial District,154,31.870000000000005,0.0,4,1
2018120104,Haymarket Square,165,31.87,0.0,4,1
2018120104,North End,130,31.870000000000005,0.0,4,1
2018120104,North Station,138,31.870000000000005,0.0,4,1
2018120104,Northeastern University,187,31.87,0.0,4,1
2018120104,South Station,154,31.870000000000005,0.0,4,1
2018120104,Theatre District,164,31.87,0.0,4,1
2018120104,West End,143,31.869999999999997,0.0,4,1
2018120105,Back Bay,106,32.05,0.0,5,1
2018120105,Beacon Hill,155,32.05,0.0,5,1
2018120105,Boston University,153,32.05,0.0,5,1
2018120105,Fenway,184,32.05,0.0,5,1
2018120105,Financial District,164,32.05,0.0,5,1
2018120105,Haymarket Square,150,32.05,0.0,5,1
2018120105,North End,191,32.05,0.0,5,1
2018120105,North Station,177,32.05,0.0,5,1
2018120105,Northeastern University,182,32.05,0.0,5,1
2018120105,South Station,137,32.05,0.0,5,1
2018120105,Theatre District,147,32.05,0.0,5,1
2018120105,West End,126,32.05,0.0,5,1
2018120106,Back Bay,141,32.31,0.0,6,1
2018120106,Beacon Hill,155,32.31,0.0,6,1
2018120106,Boston University,131,32.31,0.0,6,1
2018120106,Fenway,126,32.31,0.0,6,1
2018120106,Financial District,172,32.31,0.0,6,1
2018120106,Haymarket Square,139,32.31,0.0,6,1
2018120106,North End,190,32.31,0.0,6,1
2018120106,North Station,193,32.31,0.0,6,1
2018120106,Northeastern University,147,32.31,0.0,6,1
2018120106,South Station,161,32.31,0.0,6,1
2018120106,Theatre District,179,32.31,0.0,6,1
2018120106,West End,138,32.31,0.0,6,1
2018120107,Back Bay,133,32.07,0.0,7,1
2018120107,Beacon Hill,182,32.07,0.0,7,1
2018120107,Boston University,158,32.07,0.0,7,1
2018120107,Fenway,137,32.07,0.0,7,1
2018120107,Financial District,135,32.07,0.0,7,1
2018120107,Haymarket Square,163,32.07,0.0,7,1
2018120107,North End,179,32.07,0.0,7,1
2018120107,North Station,120,32.07,0.0,7,1
2018120107,Northeastern University,162,32.07,0.0,7,1
2018120107,South Station,155,32.07,0.0,7,1
2018120107,Theatre District,151,32.07,0.0,7,1
2018120107,West End,197,32.07,0.0,7,1
2018120108,Back Bay,150,35.95,0.0,8,1
2018120108,Beacon Hill,185,35.95,0.0,8,1
2018120108,Boston University,116,35.95,0.0,8,1
2018120108,Fenway,132,35.95,0.0,8,1
2018120108,Financial District,150,35.95,0.0,8,1
2018120108,Haymarket Square,219,35.95,0.0,8,1
2018120108,North End,166,35.95,0.0,8,1
2018120108,North Station,177,35.95,0.0,8,1
2018120108,Northeastern University,137,35.95,0.0,8,1
2018120108,South Station,157,35.95,0.0,8,1
2018120108,Theatre District,147,35.95,0.0,8,1
2018120108,West End,136,35.95,0.0,8,1
2018120109,Back Bay,146,36.99,0.0,9,1
2018120109,Beacon Hill,176,36.99,0.0,9,1
2018120109,Boston University,151,36.99,0.0,9,1
2018120109,Fenway,151,36.99,0.0,9,1
2018120109,Financial District,165,36.99,0.0,9,1
2018120109,Haymarket Square,166,36.99,0.0,9,1
2018120109,North End,144,36.99,0.0,9,1
2018120109,North Station,148,36.99,0.0,9,1
2018120109,Northeastern University,201,36.99,0.0,9,1
2018120109,South Station,117,36.99,0.0,9,1
2018120109,Theatre District,144,36.99,0.0,9,1
2018120109,West End,163,36.99,0.0,9,1
2018120110,Back Bay,186,39.33,0.0,10,1
2018120110,Beacon Hill,192,39.33,0.0,10,1
2018120110,Boston University,160,39.33,0.0,10,1
2018120110,Fenway,148,39.33,0.0,10,1
2018120110,Financial District,187,39.33,0.0,10,1
2018120110,Haymarket Square,151,39.33,0.0,10,1
2018120110,North End,109,39.330000000000005,0.0,10,1
2018120110,North Station,174,39.33,0.0,10,1
2018120110,Northeastern University,134,39.33,0.0,10,1
2018120110,South Station,135,39.33,0.0,10,1
2018120110,Theatre District,139,39.33,0.0,10,1
2018120110,West End,157,39.33,0.0,10,1
2018120111,Back Bay,160,40.01,0.0,11,1
2018120111,Beacon Hill,116,40.01,0.0,11,1
2018120111,Boston University,182,40.01,0.0,11,1
2018120111,Fenway,209,40.01,0.0,11,1
2018120111,Financial District,118,40.01,0.0,11,1
2018120111,Haymarket Square,170,40.01,0.0,11,1
2018120111,North End,147,40.01,0.0,11,1
2018120111,North Station,147,40.01,0.0,11,1
2018120111,Northeastern University,162,40.01,0.0,11,1
2018120111,South Station,168,40.01,0.0,11,1
2018120111,Theatre District,130,40.01,0.0,11,1
2018120111,West End,163,40.01,0.0,11,1
2018120112,Back Bay,171,41.89,0.0,12,1
2018120112,Beacon Hill,129,41.89,0.0,12,1
2018120112,Boston University,148,41.89,0.0,12,1
2018120112,Fenway,157,41.89,0.0,12,1
2018120112,Financial District,167,41.89,0.0,12,1
2018120112,Haymarket Square,122,41.89,0.0,12,1
2018120112,North End,176,41.89,0.0,12,1
2018120112,North Station,202,41.89,0.0,12,1
2018120112,Northeastern University,128,41.89,0.0,12,1
2018120112,South Station,127,41.89,0.0,12,1
2018120112,Theatre District,164,41.89,0.0,12,1
2018120112,West End,181,41.89,0.0,12,1
2018120113,Back Bay,191,43.64,0.0,13,1
2018120113,Beacon Hill,117,43.64,0.0,13,1
2018120113,Boston University,180,43.64,0.0,13,1
2018120113,Fenway,135,43.64,0.0,13,1
2018120113,Financial District,136,43.64,0.0,13,1
2018120113,Haymarket Square,155,43.64,0.0,13,1
2018120113,North End,162,43.64,0.0,13,1
2018120113,North Station,182,43.64,0.0,13,1
2018120113,Northeastern University,130,43.64,0.0,13,1
2018120113,South Station,134,43.64,0.0,13,1
2018120113,Theatre District,218,43.64,0.0,13,1
2018120113,West End,132,43.64,0.0,13,1
2018120114,Back Bay,193,43.99,0.0,14,1
2018120114,Beacon Hill,132,43.99,0.0,14,1
2018120114,Boston University,149,43.99,0.0,14,1
2018120114,Fenway,147,43.99,0.0,14,1
2018120114,Financial District,153,43.99,0.0,14,1
2018120114,Haymarket Square,191,43.99,0.0,14,1
2018120114,North End,156,43.99,0.0,14,1
2018120114,North Station,181,43.99,0.0,14,1
2018120114,Northeastern University,117,43.99,0.0,14,1
2018120114,South Station,149,43.99,0.0,14,1
2018120114,Theatre District,187,43.99,0.0,14,1
2018120114,West End,117,43.99,0.0,14,1
2018120115,Back Bay,123,43.14,0.0,15,1
2018120115,Beacon Hill,134,43.14,0.0,15,1
2018120115,Boston University,115,43.14,0.0,15,1
2018120115,Fenway,127,43.14,0.0,15,1
2018120115,Financial District,249,43.14,0.0,15,1
2018120115,Haymarket Square,137,43.14,0.0,15,1
2018120115,North End,132,43.14,0.0,15,1
2018120115,North Station,175,43.14,0.0,15,1
2018120115,Northeastern University,205,43.14,0.0,15,1
2018120115,South Station,151,43.14,0.0,15,1
2018120115,Theatre District,169,43.14,0.0,15,1
2018120115,West End,155,43.14,0.0,15,1
2018120116,Back Bay,140,40.2,0.0,16,1
2018120116,Beacon Hill,166,40.2,0.0,16,1
2018120116,Boston University,182,40.2,0.0,16,1
2018120116,Fenway,147,40.2,0.0,16,1
2018120116,Financial District,189,40.2,0.0,16,1
2018120116,Haymarket Square,173,40.2,0.0,16,1
2018120116,North End,138,40.2,0.0,16,1
2018120116,North Station,125,40.2,0.0,16,1
2018120116,Northeastern University,165,40.2,0.0,16,1
2018120116,South Station,130,40.2,0.0,16,1
2018120116,Theatre District,136,40.2,0.0,16,1
2018120116,West End,181,40.2,0.0,16,1
2018120117,Back Bay,136,37.93,0.0,17,1
2018120117,Beacon Hill,181,37.93,0.0,17,1
2018120117,Boston University,140,37.93,0.0,17,1
2018120117,Fenway,151,37.93,0.0,17,1
2018120117,Financial District,140,37.93,0.0,17,1
2018120117,Haymarket Square,143,37.93,0.0,17,1
2018120117,North End,130,37.93,0.0,17,1
2018120117,North Station,193,37.93,0.0,17,1
2018120117,Northeastern University,192,37.93,0.0,17,1
2018120117,South Station,170,37.93,0.0,17,1
2018120117,Theatre District,157,37.93,0.0,17,1
2018120117,West End,139,37.93,0.0,17,1
2018120118,Back Bay,131,37.05,0.0,18,1
2018120118,Beacon Hill,198,37.05,0.0,18,1
2018120118,Boston University,114,37.05,0.0,18,1
2018120118,Fenway,138,37.05,0.0,18,1
2018120118,Financial District,144,37.05,0.0,18,1
2018120118,Haymarket Square,210,37.05,0.0,18,1
2018120118,North End,120,37.05,0.0,18,1
2018120118,North Station,186,37.05,0.0,18,1
2018120118,Northeastern University,115,37.05,0.0,18,1
2018120118,South Station,149,37.05,0.0,18,1
2018120118,Theatre District,193,37.05,0.0,18,1
2018120118,West End,174,37.05,0.0,18,1
2018120119,Back Bay,174,35.68,0.0,19,1
2018120119,Beacon Hill,168,35.68,0.0,19,1
2018120119,Boston University,114,35.68,0.0,19,1
2018120119,Fenway,165,35.68,0.0,19,1
2018120119,Financial District,191,35.68,0.0,19,1
2018120119,Haymarket Square,145,35.68,0.0,19,1
2018120119,North End,151,35.68,0.0,19,1
2018120119,North Station,157,35.68,0.0,19,1
2018120119,Northeastern University,162,35.68,0.0,19,1
2018120119,South Station,152,35.68,0.0,19,1
2018120119,Theatre District,149,35.68,0.0,19,1
2018120119,West End,144,35.68,0.0,19,1
2018120120,Back Bay,128,35.52,0.0,20,1
2018120120,Beacon Hill,174,35.52,0.0,20,1
2018120120,Boston University,153,35.52,0.0,20,1
2018120120,Fenway,151,35.52,0.0,20,1
2018120120,Financial District,173,35.52,0.0,20,1
2018120120,Haymarket Square,146,35.52,0.0,20,1
2018120120,North End,124,35.52,0.0,20,1
2018120120,North Station,158,35.52,0.0,20,1
2018120120,Northeastern University,153,35.52,0.0,20,1
2018120120,South Station,180,35.52,0.0,20,1
2018120120,Theatre District,168,35.52,0.0,20,1
2018120120,West End,164,35.52,0.0,20,1
2018120121,Back Bay,173,36.5,0.0,21,1
2018120121,Beacon Hill,166,36.5,0.0,21,1
2018120121,Boston University,167,36.5,0.0,21,1
2018120121,Fenway,161,36.5,0.0,21,1
2018120121,Financial District,156,36.5,0.0,21,1
2018120121,Haymarket Square,190,36.5,0.0,21,1
2018120121,North End,122,36.5,0.0,21,1
2018120121,North Station,153,36.5,0.0,21,1
2018120121,Northeastern University,105,36.5,0.0,21,1
2018120121,South Station,166,36.5,0.0,21,1
2018120121,Theatre District,164,36.5,0.0,21,1
2018120121,West End,149,36.5,0.0,21,1
2018120122,Back Bay,146,37.11,0.0,22,1
2018120122,Beacon Hill,130,37.11,0.0,22,1
2018120122,Boston University,142,37.11,0.0,22,1
2018120122,Fenway,193,37.11,0.0,22,1
2018120122,Financial District,160,37.11,0.0,22,1
2018120122,Haymarket Square,182,37.11,0.0,22,1
2018120122,North End,133,37.11,0.0,22,1
2018120122,North Station,157,37.11,0.0,22,1
2018120122,Northeastern University,152,37.11,0.0,22,1
2018120122,South Station,164,37.11,0.0,22,1
2018120122,Theatre District,152,37.11,0.0,22,1
2018120122,West End,161,37.11,0.0,22,1
2018120123,Back Bay,216,36.95,0.0,23,1
2018120123,Beacon Hill,144,36.95,0.0,23,1
2018120123,Boston University,177,36.95,0.0,23,1
2018120123,Fenway,144,36.95,0.0,23,1
2018120123,Financial District,182,36.95,0.0,23,1
2018120123,Haymarket Square,133,36.95,0.0,23,1
2018120123,North End,128,36.95,0.0,23,1
2018120123,North Station,129,36.95,0.0,23,1
2018120123,Northeastern University,168,36.95,0.0,23,1
2018120123,South Station,157,36.95,0.0,23,1
2018120123,Theatre District,135,36.95,0.0,23,1
2018120123,West End,159,36.95,0.0,23,1
2018120200,Back Bay,198,38.19,0.0,0,1
2018120200,Beacon Hill,156,38.19,0.0,0,1
2018120200,Boston University,141,38.19,0.0,0,1
2018120200,Fenway,127,38.19,0.0,0,1
2018120200,Financial District,163,38.19,0.0,0,1
2018120200,Haymarket Square,152,38.19,0.0,0,1
2018120200,North End,168,38.19,0.0,0,1
2018120200,North Station,142,38.19,0.0,0,1
2018120200,Northeastern University,186,38.19,0.0,0,1
2018120200,South Station,141,38.19,0.0,0,1
2018120200,Theatre District,166,38.19,0.0,0,1
2018120200,West End,132,38.19,0.0,0,1
2018120201,Back Bay,202,37.96,0.0,1,1
2018120201,Beacon Hill,126,37.96,0.0,1,1
2018120201,Boston University,133,37.96,0.0,1,1
2018120201,Fenway,167,37.96,0.0,1,1
2018120201,Financial District,130,37.96,0.0,1,1
2018120201,Haymarket Square,121,37.96,0.0,1,1
2018120201,North End,143,37.96,0.0,1,1
2018120201,North Station,159,37.96,0.0,1,1
2018120201,Northeastern University,174,37.96,0.0,1,1
2018120201,South Station,200,37.96,0.0,1,1
2018120201,Theatre District,145,37.96,0.0,1,1
2018120201,West End,172,37.96,0.0,1,1
2018120202,Back Bay,135,38.41,0.0,2,1
2018120202,Beacon Hill,192,38.41,0.0,2,1
2018120202,Boston University,164,38.41,0.0,2,1
2018120202,Fenway,171,38.41,0.0,2,1
2018120202,Financial District,149,38.41,0.0,2,1
2018120202,Haymarket Square,155,38.41,0.0,2,1
2018120202,North End,153,38.41,0.0,2,1
2018120202,North Station,167,38.41,0.0,2,1
2018120202,Northeastern University,132,38.41,0.0,2,1
2018120202,South Station,139,38.41,0.0,2,1
2018120202,Theatre District,155,38.41,0.0,2,1
2018120202,West End,160,38.41,0.0,2,1
2018120203,Back Bay,169,38.95,0.0094,3,1
2018120203,Beacon Hill,171,38.95,0.0094,3,1
2018120203,Boston University,136,38.95,0.0094,3,1
2018120203,Fenway,107,38.95,0.0094,3,1
2018120203,Financial District,169,38.95,0.0094,3,1
2018120203,Haymarket Square,156,38.95,0.0094,3,1
2018120203,North End,171,38.95,0.0094,3,1
2018120203,North Station,178,38.95,0.0094,3,1
2018120203,Northeastern University,181,38.95,0.0094,3,1
2018120203,South Station,128,38.95,0.0094,3,1
2018120203,Theatre District,156,38.95,0.0094,3,1
2018120203,West End,150,38.95,0.0094,3,1
2018120204,Back Bay,145,38.54,0.0308,4,1
2018120204,Beacon Hill,179,38.54,0.0308,4,1
2018120204,Boston University,132,38.54,0.030799999999999998,4,1
2018120204,Fenway,107,38.54,0.030800000000000004,4,1
2018120204,Financial District,210,38.54,0.0308,4,1
2018120204,Haymarket Square,149,38.54,0.0308,4,1
2018120204,North End,154,38.54,0.030799999999999998,4,1
2018120204,North Station,183,38.54,0.0308,4,1
2018120204,Northeastern University,150,38.54,0.0308,4,1
2018120204,South Station,162,38.54,0.0308,4,1
2018120204,Theatre District,158,38.54,0.030800000000000004,4,1
2018120204,West End,143,38.54,0.030799999999999998,4,1
2018120205,Back Bay,127,38.92,0.0462,5,1
2018120205,Beacon Hill,148,38.92,0.0462,5,1
2018120205,Boston University,166,38.92,0.0462,5,1
2018120205,Fenway,122,38.92,0.0462,5,1
2018120205,Financial District,192,38.92,0.0462,5,1
2018120205,Haymarket Square,126,38.92,0.0462,5,1
2018120205,North End,183,38.92,0.0462,5,1
2018120205,North Station,200,38.92,0.0462,5,1
2018120205,Northeastern University,131,38.92,0.0462,5,1
2018120205,South Station,171,38.92,0.0462,5,1
2018120205,Theatre District,138,38.92,0.0462,5,1
2018120205,West End,168,38.92,0.0462,5,1
2018120206,Back Bay,184,40.55,0.0813,6,1
2018120206,Beacon Hill,142,40.55,0.0813,6,1
2018120206,Boston University,119,40.55,0.0813,6,1
2018120206,Fenway,123,40.55,0.0813,6,1
2018120206,Financial District,183,40.55,0.0813,6,1
2018120206,Haymarket Square,181,40.55,0.0813,6,1
2018120206,North End,153,40.55,0.0813,6,1
2018120206,North Station,142,40.55,0.0813,6,1
2018120206,Northeastern University,137,40.55,0.0813,6,1
2018120206,South Station,149,40.55,0.0813,6,1
2018120206,Theatre District,202,40.55,0.0813,6,1
2018120206,West End,157,40.55,0.0813,6,1
2018120207,Back Bay,138,41.19,0.0923,7,1
2018120207,Beacon Hill,137,41.19,0.0923,7,1
2018120207,Boston University,174,41.19,0.0923,7,1
2018120207,Fenway,167,41.19,0.0923,7,1
2018120207,Financial District,150,41.19,0.0923,7,1
2018120207,Haymarket Square,159,41.19,0.0923,7,1
2018120207,North End,176,41.19,0.0923,7,1
2018120207,North Station,182,41.19,0.09230000000000001,7,1
2018120207,Northeastern University,156,41.19,0.0923,7,1
2018120207,South Station,127,41.19,0.0923,7,1
2018120207,Theatre District,168,41.19,0.0923,7,1
2018120207,West End,138,41.19,0.0923,7,1
2018120208,Back Bay,154,43.57,0.0801,8,1
2018120208,Beacon Hill,161,43.57,0.0801,8,1
2018120208,Boston University,165,43.57,0.0801,8,1
2018120208,Fenway,129,43.57,0.0801,8,1
2018120208,Financial District,171,43.57,0.0801,8,1
2018120208,Haymarket Square,168,43.57,0.0801,8,1
2018120208,North End,156,43.57,0.0801,8,1
2018120208,North Station,155,43.57,0.0801,8,1
2018120208,Northeastern University,136,43.57,0.0801,8,1
2018120208,South Station,176,43.57,0.0801,8,1
2018120208,Theatre District,165,43.57,0.0801,8,1
2018120208,West End,136,43.57,0.0801,8,1
2018120209,Back Bay,184,43.51,0.0832,9,1
2018120209,Beacon Hill,160,43.51,0.0832,9,1
2018120209,Boston University,164,43.51,0.0832,9,1
2018120209,Fenway,144,43.51,0.0832,9,1
2018120209,Financial District,180,43.51,0.0832,9,1
2018120209,Haymarket Square,130,43.51,0.0832,9,1
2018120209,North End,170,43.51,0.0832,9,1
2018120209,North Station,161,43.51,0.0832,9,1
2018120209,Northeastern University,127,43.51,0.0832,9,1
2018120209,South Station,169,43.51,0.0832,9,1
2018120209,Theatre District,155,43.51,0.0832,9,1
2018120209,West End,128,43.51,0.0832,9,1
2018120210,Back Bay,123,45.4,0.0701,10,1
2018120210,Beacon Hill,162,45.4,0.0701,10,1
2018120210,Boston University,173,45.4,0.0701,10,1
2018120210,Fenway,148,45.4,0.0701,10,1
2018120210,Financial District,189,45.4,0.0701,10,1
2018120210,Haymarket Square,157,45.4,0.0701,10,1
2018120210,North End,157,45.4,0.0701,10,1
2018120210,North Station,154,45.4,0.0701,10,1
2018120210,Northeastern University,187,45.4,0.0701,10,1
2018120210,South Station,150,45.4,0.0701,10,1
2018120210,Theatre District,143,45.4,0.0701,10,1
2018120210,West End,129,45.4,0.0701,10,1
2018120211,Back Bay,157,46.52,0.0255,11,1
2018120211,Beacon Hill,143,46.52,0.0255,11,1
2018120211,Boston University,185,46.52,0.025499999999999995,11,1
2018120211,Fenway,180,46.52,0.0255,11,1
2018120211,Financial District,128,46.52,0.0255,11,1
2018120211,Haymarket Square,179,46.52,0.0255,11,1
2018120211,North End,158,46.52,0.0255,11,1
2018120211,North Station,165,46.52,0.0255,11,1
2018120211,Northeastern University,142,46.52,0.0255,11,1
2018120211,South Station,117,46.52,0.0255,11,1
2018120211,Theatre District,153,46.52,0.0255,11,1
2018120211,West End,165,46.52,0.0255,11,1
2018120212,Back Bay,151,46.78,0.0342,12,1
2018120212,Beacon Hill,171,46.78,0.0342,12,1
2018120212,Boston University,157,46.78,0.0342,12,1
2018120212,Fenway,169,46.78,0.0342,12,1
2018120212,Financial District,139,46.78,0.0342,12,1
2018120212,Haymarket Square,143,46.78,0.0342,12,1
2018120212,North End,141,46.78,0.0342,12,1
2018120212,North Station,152,46.78,0.0342,12,1
2018120212,Northeastern University,150,46.78,0.0342,12,1
2018120212,South Station,205,46.78,0.0342,12,1
2018120212,Theatre District,163,46.78,0.0342,12,1
2018120212,West End,131,46.78,0.0342,12,1
2018120213,Back Bay,186,48.23,0.0341,13,1
2018120213,Beacon Hill,133,48.23,0.0341,13,1
2018120213,Boston University,142,48.23,0.0341,13,1
2018120213,Fenway,186,48.23,0.0341,13,1
2018120213,Financial District,172,48.23,0.0341,13,1
2018120213,Haymarket Square,151,48.23,0.0341,13,1
2018120213,North End,127,48.23,0.0341,13,1
2018120213,North Station,194,48.23,0.0341,13,1
2018120213,Northeastern University,140,48.23,0.0341,13,1
2018120213,South Station,133,48.23,0.0341,13,1
2018120213,Theatre District,152,48.23,0.0341,13,1
2018120213,West End,156,48.23,0.0341,13,1
2018120214,Back Bay,120,49.88,0.0246,14,1
2018120214,Beacon Hill,168,49.88,0.024600000000000004,14,1
2018120214,Boston University,150,49.88,0.0246,14,1
2018120214,Fenway,169,49.88000000000001,0.0246,14,1
2018120214,Financial District,167,49.88,0.0246,14,1
2018120214,Haymarket Square,171,49.879999999999995,0.0246,14,1
2018120214,North End,190,49.88,0.0246,14,1
2018120214,North Station,135,49.88,0.0246,14,1
2018120214,Northeastern University,166,49.88,0.024599999999999997,14,1
2018120214,South Station,167,49.88,0.0246,14,1
2018120214,Theatre District,114,49.88,0.0246,14,1
2018120214,West End,155,49.88,0.0246,14,1
2018120215,Back Bay,115,49.7,0.005000000000000001,15,1
2018120215,Beacon Hill,159,49.7,0.005,15,1
2018120215,Boston University,164,49.7,0.005,15,1
2018120215,Fenway,122,49.7,0.005,15,1
2018120215,Financial District,168,49.7,0.005,15,1
2018120215,Haymarket Square,147,49.7,0.005,15,1
2018120215,North End,183,49.7,0.005,15,1
2018120215,North Station,176,49.7,0.005,15,1
2018120215,Northeastern University,203,49.7,0.005000000000000001,15,1
2018120215,South Station,147,49.7,0.005,15,1
2018120215,Theatre District,160,49.7,0.005,15,1
2018120215,West End,128,49.7,0.005,15,1
2018120216,Back Bay,109,52.10000000000001,0.002,16,1
2018120216,Beacon Hill,142,52.1,0.002,16,1
2018120216,Boston University,147,52.1,0.002,16,1
2018120216,Fenway,152,52.1,0.002,16,1
2018120216,Financial District,183,52.10000000000001,0.002,16,1
2018120216,Haymarket Square,174,52.1,0.002,16,1
2018120216,North End,132,52.1,0.002,16,1
2018120216,North Station,159,52.099999999999994,0.002,16,1
2018120216,Northeastern University,171,52.1,0.002,16,1
2018120216,South Station,145,52.1,0.002,16,1
2018120216,Theatre District,173,52.10000000000001,0.002,16,1
2018120216,West End,185,52.1,0.002,16,1
2018120217,Back Bay,153,49.5,0.0002,17,1
2018120217,Beacon Hill,203,49.5,0.0002,17,1
2018120217,Boston University,137,49.5,0.0002,17,1
2018120217,Fenway,181,49.5,0.0002,17,1
2018120217,Financial District,175,49.5,0.0002,17,1
2018120217,Haymarket Square,139,49.5,0.0002,17,1
2018120217,North End,143,49.5,0.0002,17,1
2018120217,North Station,178,49.5,0.0002,17,1
2018120217,Northeastern University,124,49.5,0.0002,17,1
2018120217,South Station,155,49.5,0.0002,17,1
2018120217,Theatre District,122,49.5,0.0002,17,1
2018120217,West End,162,49.5,0.00019999999999999998,17,1
2018120218,Back Bay,164,48.83,0.0,18,1
2018120218,Beacon Hill,177,48.83,0.0,18,1
2018120218,Boston University,148,48.83,0.0,18,1
2018120218,Fenway,168,48.830000000000005,0.0,18,1
2018120218,Financial District,145,48.83,0.0,18,1
2018120218,Haymarket Square,156,48.83,0.0,18,1
2018120218,North End,176,48.83,0.0,18,1
2018120218,North Station,157,48.83,0.0,18,1
2018120218,Northeastern University,136,48.83,0.0,18,1
2018120218,South Station,156,48.83,0.0,18,1
2018120218,Theatre District,170,48.830000000000005,0.0,18,1
2018120218,West End,119,48.83,0.0,18,1
2018120219,Back Bay,148,48.45,0.0,19,1
2018120219,Beacon Hill,171,48.45,0.0,19,1
2018120219,Boston University,146,48.45,0.0,19,1
2018120219,Fenway,155,48.45,0.0,19,1
2018120219,Financial District,128,48.45,0.0,19,1
2018120219,Haymarket Square,124,48.45,0.0,19,1
2018120219,North End,152,48.45,0.0,19,1
2018120219,North Station,186,48.45,0.0,19,1
2018120219,Northeastern University,155,48.45,0.0,19,1
2018120219,South Station,171,48.45,0.0,19,1
2018120219,Theatre District,147,48.45,0.0,19,1
2018120219,West End,189,48.45,0.0,19,1
2018120220,Back Bay,116,47.93,0.0,20,1
2018120220,Beacon Hill,157,47.93,0.0,20,1
2018120220,Boston University,155,47.93,0.0,20,1
2018120220,Fenway,128,47.93,0.0,20,1
2018120220,Financial District,167,47.93,0.0,20,1
2018120220,Haymarket Square,175,47.93,0.0,20,1
2018120220,North End,136,47.93,0.0,20,1
2018120220,North Station,143,47.93,0.0,20,1
2018120220,Northeastern University,149,47.93,0.0,20,1
2018120220,South Station,177,47.93000000000001,0.0,20,1
2018120220,Theatre District,172,47.92999999999999,0.0,20,1
2018120220,West End,197,47.92999999999999,0.0,20,1
2018120221,Back Bay,166,46.78,0.0,21,1
2018120221,Beacon Hill,164,46.78,0.0,21,1
2018120221,Boston University,175,46.78,0.0,21,1
2018120221,Fenway,125,46.78,0.0,21,1
2018120221,Financial District,131,46.78,0.0,21,1
2018120221,Haymarket Square,154,46.78,0.0,21,1
2018120221,North End,175,46.78,0.0,21,1
2018120221,North Station,138,46.78,0.0,21,1
2018120221,Northeastern University,150,46.78,0.0,21,1
2018120221,South Station,199,46.779999999999994,0.0,21,1
2018120221,Theatre District,132,46.78,0.0,21,1
2018120221,West End,163,46.78,0.0,21,1
2018120222,Back Bay,131,48.12,0.002,22,1
2018120222,Beacon Hill,159,48.12,0.002,22,1
2018120222,Boston University,125,48.12,0.002,22,1
2018120222,Fenway,126,48.12,0.002,22,1
2018120222,Financial District,119,48.12,0.002,22,1
2018120222,Haymarket Square,194,48.12,0.002,22,1
2018120222,North End,136,48.12,0.002,22,1
2018120222,North Station,175,48.12,0.002,22,1
2018120222,Northeastern University,204,48.12,0.002,22,1
2018120222,South Station,179,48.12,0.002,22,1
2018120222,Theatre District,167,48.12,0.002,22,1
2018120222,West End,157,48.12,0.002,22,1
2018120223,Back Bay,165,47.71,0.0013,23,1
2018120223,Beacon Hill,136,47.71,0.0013,23,1
2018120223,Boston University,135,47.71,0.0013,23,1
2018120223,Fenway,169,47.71,0.0013,23,1
2018120223,Financial District,206,47.71,0.0013,23,1
2018120223,Haymarket Square,159,47.71,0.0013,23,1
2018120223,North End,149,47.71,0.0013,23,1
2018120223,North Station,177,47.71,0.0013,23,1
2018120223,Northeastern University,177,47.71,0.0013,23,1
2018120223,South Station,114,47.71000000000001,0.0013,23,1
2018120223,Theatre District,162,47.71,0.0013,23,1
2018120223,West End,123,47.71,0.0013,23,1
2018120300,Back Bay,182,45.78000000000001,0.0,0,0
2018120300,Beacon Hill,174,45.78,0.0,0,0
2018120300,Boston University,161,45.78,0.0,0,0
2018120300,Fenway,121,45.78,0.0,0,0
2018120300,Financial District,177,45.78,0.0,0,0
2018120300,Haymarket Square,142,45.78,0.0,0,0
2018120300,North End,139,45.78,0.0,0,0
2018120300,North Station,161,45.78,0.0,0,0
2018120300,Northeastern University,179,45.78,0.0,0,0
2018120300,South Station,106,45.78,0.0,0,0
2018120300,Theatre District,153,45.78,0.0,0,0
2018120300,West End,177,45.78,0.0,0,0
2018120301,Back Bay,159,45.58,0.0,1,0
2018120301,Beacon Hill,168,45.58,0.0,1,0
2018120301,Boston University,132,45.58,0.0,1,0
2018120301,Fenway,164,45.58,0.0,1,0
2018120301,Financial District,178,45.58,0.0,1,0
2018120301,Haymarket Square,170,45.58,0.0,1,0
2018120301,North End,145,45.58,0.0,1,0
2018120301,North Station,148,45.58,0.0,1,0
2018120301,Northeastern University,179,45.58,0.0,1,0
2018120301,South Station,152,45.58,0.0,1,0
2018120301,Theatre District,160,45.58,0.0,1,0
2018120301,West End,117,45.58,0.0,1,0
2018120302,Back Bay,183,47.269999999999996,0.0,2,0
2018120302,Beacon Hill,135,47.27,0.0,2,0
2018120302,Boston University,150,47.27,0.0,2,0
2018120302,Fenway,175,47.27,0.0,2,0
2018120302,Financial District,157,47.27,0.0,2,0
2018120302,Haymarket Square,184,47.27,0.0,2,0
2018120302,North End,157,47.27,0.0,2,0
2018120302,North Station,140,47.27,0.0,2,0
2018120302,Northeastern University,122,47.27,0.0,2,0
2018120302,South Station,147,47.27,0.0,2,0
2018120302,Theatre District,176,47.27,0.0,2,0
2018120302,West End,146,47.27,0.0,2,0
2018120303,Back Bay,159,45.69,0.0,3,0
2018120303,Beacon Hill,176,45.69,0.0,3,0
2018120303,Boston University,141,45.69,0.0,3,0
2018120303,Fenway,159,45.69,0.0,3,0
2018120303,Financial District,123,45.69,0.0,3,0
2018120303,Haymarket Square,147,45.69,0.0,3,0
2018120303,North End,149,45.69,0.0,3,0
2018120303,North Station,177,45.69,0.0,3,0
2018120303,Northeastern University,144,45.69,0.0,3,0
2018120303,South Station,169,45.69,0.0,3,0
2018120303,Theatre District,145,45.69,0.0,3,0
2018120303,West End,183,45.690000000000005,0.0,3,0
2018120304,Back Bay,112,48.11,0.0,4,0
2018120304,Beacon Hill,126,48.11,0.0,4,0
2018120304,Boston University,148,48.11,0.0,4,0
2018120304,Fenway,153,48.11,0.0,4,0
2018120304,Financial District,192,48.10999999999999,0.0,4,0
2018120304,Haymarket Square,113,48.11,0.0,4,0
2018120304,North End,179,48.11,0.0,4,0
2018120304,North Station,171,48.11,0.0,4,0
2018120304,Northeastern University,212,48.11,0.0,4,0
2018120304,South Station,144,48.11,0.0,4,0
2018120304,Theatre District,150,48.11,0.0,4,0
2018120304,West End,172,48.11,0.0,4,0
2018120305,Back Bay,124,48.43,0.0,5,0
2018120305,Beacon Hill,139,48.43,0.0,5,0
2018120305,Boston University,148,48.43,0.0,5,0
2018120305,Fenway,150,48.43,0.0,5,0
2018120305,Financial District,208,48.43,0.0,5,0
2018120305,Haymarket Square,157,48.43,0.0,5,0
2018120305,North End,140,48.43,0.0,5,0
2018120305,North Station,129,48.43,0.0,5,0
2018120305,Northeastern University,153,48.43,0.0,5,0
2018120305,South Station,144,48.43,0.0,5,0
2018120305,Theatre District,202,48.43,0.0,5,0
2018120305,West End,178,48.42999999999999,0.0,5,0
2018120306,Back Bay,167,47.87,0.0,6,0
2018120306,Beacon Hill,104,47.87,0.0,6,0
2018120306,Boston University,155,47.87,0.0,6,0
2018120306,Fenway,168,47.87,0.0,6,0
2018120306,Financial District,145,47.87,0.0,6,0
2018120306,Haymarket Square,177,47.87,0.0,6,0
2018120306,North End,190,47.87,0.0,6,0
2018120306,North Station,180,47.870000000000005,0.0,6,0
2018120306,Northeastern University,89,47.86999999999999,0.0,6,0
2018120306,South Station,186,47.87,0.0,6,0
2018120306,Theatre District,133,47.87,0.0,6,0
2018120306,West End,178,47.86999999999999,0.0,6,0
2018120307,Back Bay,157,48.63,0.0,7,0
2018120307,Beacon Hill,142,48.63,0.0,7,0
2018120307,Boston University,147,48.63,0.0,7,0
2018120307,Fenway,142,48.63,0.0,7,0
2018120307,Financial District,157,48.63,0.0,7,0
2018120307,Haymarket Square,152,48.63,0.0,7,0
2018120307,North End,153,48.63,0.0,7,0
2018120307,North Station,162,48.63,0.0,7,0
2018120307,Northeastern University,178,48.63000000000001,0.0,7,0
2018120307,South Station,151,48.63,0.0,7,0
2018120307,Theatre District,154,48.63,0.0,7,0
2018120307,West End,177,48.63,0.0,7,0
2018120308,Back Bay,155,49.34,0.0,8,0
2018120308,Beacon Hill,177,49.34,0.0,8,0
2018120308,Boston University,168,49.34,0.0,8,0
2018120308,Fenway,126,49.34,0.0,8,0
2018120308,Financial District,213,49.34,0.0,8,0
2018120308,Haymarket Square,144,49.34,0.0,8,0
2018120308,North End,192,49.34,0.0,8,0
2018120308,North Station,114,49.34,0.0,8,0
2018120308,Northeastern University,175,49.34,0.0,8,0
2018120308,South Station,131,49.34,0.0,8,0
2018120308,Theatre District,129,49.34,0.0,8,0
2018120308,West End,148,49.34,0.0,8,0
2018120309,Back Bay,140,52.45,0.0,9,0
2018120309,Beacon Hill,205,52.45,0.0,9,0
2018120309,Boston University,151,52.45,0.0,9,0
2018120309,Fenway,154,52.45,0.0,9,0
2018120309,Financial District,188,52.45,0.0,9,0
2018120309,Haymarket Square,159,52.45000000000001,0.0,9,0
2018120309,North End,141,52.45,0.0,9,0
2018120309,North Station,144,52.45,0.0,9,0
2018120309,Northeastern University,132,52.45,0.0,9,0
2018120309,South Station,117,52.45,0.0,9,0
2018120309,Theatre District,166,52.45,0.0,9,0
2018120309,West End,175,52.45,0.0,9,0
2018120310,Back Bay,165,54.38,0.0,10,0
2018120310,Beacon Hill,179,54.38,0.0,10,0
2018120310,Boston University,150,54.38,0.0,10,0
2018120310,Fenway,132,54.38,0.0,10,0
2018120310,Financial District,151,54.38000000000001,0.0,10,0
2018120310,Haymarket Square,150,54.38,0.0,10,0
2018120310,North End,127,54.38,0.0,10,0
2018120310,North Station,156,54.38,0.0,10,0
2018120310,Northeastern University,205,54.379999999999995,0.0,10,0
2018120310,South Station,167,54.38,0.0,10,0
2018120310,Theatre District,116,54.38,0.0,10,0
2018120310,West End,174,54.38,0.0,10,0
2018120311,Back Bay,140,57.22,0.0,11,0
2018120311,Beacon Hill,157,57.21999999999999,0.0,11,0
2018120311,Boston University,176,57.22,0.0,11,0
2018120311,Fenway,217,57.22,0.0,11,0
2018120311,Financial District,155,57.22,0.0,11,0
2018120311,Haymarket Square,160,57.220000000000006,0.0,11,0
2018120311,North End,139,57.22,0.0,11,0
2018120311,North Station,136,57.22,0.0,11,0
2018120311,Northeastern University,129,57.22,0.0,11,0
2018120311,South Station,162,57.22,0.0,11,0
2018120311,Theatre District,140,57.22,0.0,11,0
2018120311,West End,161,57.22,0.0,11,0
2018120312,Back Bay,137,54.59,0.0,12,0
2018120312,Beacon Hill,120,54.59,0.0,12,0
2018120312,Boston University,169,54.59,0.0,12,0
2018120312,Fenway,133,54.59,0.0,12,0
2018120312,Financial District,171,54.59000000000001,0.0,12,0
2018120312,Haymarket Square,179,54.59,0.0,12,0
2018120312,North End,144,54.59,0.0,12,0
2018120312,North Station,180,54.59,0.0,12,0
2018120312,Northeastern University,151,54.59,0.0,12,0
2018120312,South Station,151,54.59,0.0,12,0
2018120312,Theatre District,145,54.59,0.0,12,0
2018120312,West End,192,54.59,0.0,12,0
2018120313,Back Bay,179,54.62,0.0,13,0
2018120313,Beacon Hill,170,54.62,0.0,13,0
2018120313,Boston University,175,54.62,0.0,13,0
2018120313,Fenway,170,54.62,0.0,13,0
2018120313,Financial District,128,54.62,0.0,13,0
2018120313,Haymarket Square,194,54.62,0.0,13,0
2018120313,North End,123,54.62,0.0,13,0
2018120313,North Station,167,54.62,0.0,13,0
2018120313,Northeastern University,134,54.62,0.0,13,0
2018120313,South Station,158,54.62,0.0,13,0
2018120313,Theatre District,160,54.61999999999999,0.0,13,0
2018120313,West End,114,54.62,0.0,13,0
2018120314,Back Bay,173,53.339999999999996,0.0,14,0
2018120314,Beacon Hill,137,53.34,0.0,14,0
2018120314,Boston University,150,53.34,0.0,14,0
2018120314,Fenway,147,53.34,0.0,14,0
2018120314,Financial District,117,53.34,0.0,14,0
2018120314,Haymarket Square,171,53.34000000000001,0.0,14,0
2018120314,North End,168,53.34,0.0,14,0
2018120314,North Station,154,53.34,0.0,14,0
2018120314,Northeastern University,158,53.34000000000001,0.0,14,0
2018120314,South Station,175,53.34,0.0,14,0
2018120314,Theatre District,160,53.34000000000001,0.0,14,0
2018120314,West End,162,53.339999999999996,0.0,14,0
2018120315,Back Bay,185,52.9,0.0,15,0
2018120315,Beacon Hill,143,52.9,0.0,15,0
2018120315,Boston University,186,52.9,0.0,15,0
2018120315,Fenway,154,52.9,0.0,15,0
2018120315,Financial District,130,52.9,0.0,15,0
2018120315,Haymarket Square,165,52.9,0.0,15,0
2018120315,North End,146,52.9,0.0,15,0
2018120315,North Station,148,52.9,0.0,15,0
2018120315,Northeastern University,147,52.9,0.0,15,0
2018120315,South Station,118,52.9,0.0,15,0
2018120315,Theatre District,199,52.9,0.0,15,0
2018120315,West End,151,52.9,0.0,15,0
2018120316,Back Bay,154,50.43,0.0,16,0
2018120316,Beacon Hill,156,50.43,0.0,16,0
2018120316,Boston University,142,50.43,0.0,16,0
2018120316,Fenway,161,50.43,0.0,16,0
2018120316,Financial District,160,50.43,0.0,16,0
2018120316,Haymarket Square,157,50.43,0.0,16,0
2018120316,North End,153,50.43,0.0,16,0
2018120316,North Station,152,50.43,0.0,16,0
2018120316,Northeastern University,145,50.43,0.0,16,0
2018120316,South Station,132,50.43,0.0,16,0
2018120316,Theatre District,198,50.43,0.0,16,0
2018120316,West End,162,50.43,0.0,16,0
2018120317,Back Bay,132,49.11,0.0,17,0
2018120317,Beacon Hill,162,49.11,0.0,17,0
2018120317,Boston University,165,49.11,0.0,17,0
2018120317,Fenway,105,49.11,0.0,17,0
2018120317,Financial District,166,49.11,0.0,17,0
2018120317,Haymarket Square,150,49.11,0.0,17,0
2018120317,North End,167,49.11000000000001,0.0,17,0
2018120317,North Station,162,49.11,0.0,17,0
2018120317,Northeastern University,149,49.11,0.0,17,0
2018120317,South Station,161,49.11,0.0,17,0
2018120317,Theatre District,199,49.11,0.0,17,0
2018120317,West End,154,49.11,0.0,17,0
2018120318,Back Bay,137,47.25,0.0,18,0
2018120318,Beacon Hill,133,47.25,0.0,18,0
2018120318,Boston University,177,47.25,0.0,18,0
2018120318,Fenway,184,47.25,0.0,18,0
2018120318,Financial District,133,47.25,0.0,18,0
2018120318,Haymarket Square,151,47.25,0.0,18,0
2018120318,North End,161,47.25,0.0,18,0
2018120318,North Station,167,47.25,0.0,18,0
2018120318,Northeastern University,199,47.25,0.0,18,0
2018120318,South Station,110,47.25,0.0,18,0
2018120318,Theatre District,146,47.25,0.0,18,0
2018120318,West End,174,47.25,0.0,18,0
2018120319,Back Bay,159,46.36,0.0,19,0
2018120319,Beacon Hill,166,46.36,0.0,19,0
2018120319,Boston University,150,46.36,0.0,19,0
2018120319,Fenway,148,46.36,0.0,19,0
2018120319,Financial District,154,46.36,0.0,19,0
2018120319,Haymarket Square,146,46.36,0.0,19,0
2018120319,North End,151,46.36,0.0,19,0
2018120319,North Station,157,46.36,0.0,19,0
2018120319,Northeastern University,137,46.36,0.0,19,0
2018120319,South Station,182,46.36,0.0,19,0
2018120319,Theatre District,126,46.36,0.0,19,0
2018120319,West End,196,46.36,0.0,19,0
2018120320,Back Bay,166,45.96,0.0,20,0
2018120320,Beacon Hill,154,45.96,0.0,20,0
2018120320,Boston University,160,45.96,0.0,20,0
2018120320,Fenway,152,45.96,0.0,20,0
2018120320,Financial District,184,45.959999999999994,0.0,20,0
2018120320,Haymarket Square,163,45.96,0.0,20,0
2018120320,North End,151,45.96,0.0,20,0
2018120320,North Station,130,45.96,0.0,20,0
2018120320,Northeastern University,170,45.96,0.0,20,0
2018120320,South Station,138,45.96,0.0,20,0
2018120320,Theatre District,153,45.96,0.0,20,0
2018120320,West End,151,45.96,0.0,20,0
2018120321,Back Bay,116,45.12,0.0,21,0
2018120321,Beacon Hill,184,45.12,0.0,21,0
2018120321,Boston University,176,45.12,0.0,21,0
2018120321,Fenway,152,45.12,0.0,21,0
2018120321,Financial District,169,45.12,0.0,21,0
2018120321,Haymarket Square,129,45.12,0.0,21,0
2018120321,North End,151,45.12,0.0,21,0
2018120321,North Station,135,45.12,0.0,21,0
2018120321,Northeastern University,166,45.12,0.0,21,0
2018120321,South Station,167,45.12,0.0,21,0
2018120321,Theatre District,158,45.12,0.0,21,0
2018120321,West End,169,45.12,0.0,21,0
2018120322,Back Bay,160,45.16,0.0,22,0
2018120322,Beacon Hill,163,45.16,0.0,22,0
2018120322,Boston University,146,45.16,0.0,22,0
2018120322,Fenway,137,45.16,0.0,22,0
2018120322,Financial District,141,45.16,0.0,22,0
2018120322,Haymarket Square,177,45.16,0.0,22,0
2018120322,North End,211,45.15999999999999,0.0,22,0
2018120322,North Station,135,45.16,0.0,22,0
2018120322,Northeastern University,140,45.16,0.0,22,0
2018120322,South Station,172,45.16,0.0,22,0
2018120322,Theatre District,158,45.16,0.0,22,0
2018120322,West End,132,45.16,0.0,22,0
2018120323,Back Bay,126,42.08,0.0,23,0
2018120323,Beacon Hill,137,42.08,0.0,23,0
2018120323,Boston University,175,42.08,0.0,23,0
2018120323,Fenway,149,42.08,0.0,23,0
2018120323,Financial District,183,42.08,0.0,23,0
2018120323,Haymarket Square,110,42.08,0.0,23,0
2018120323,North End,134,42.08,0.0,23,0
2018120323,North Station,127,42.08,0.0,23,0
2018120323,Northeastern University,120,42.08,0.0,23,0
2018120323,South Station,165,42.08,0.0,23,0
2018120323,Theatre District,159,42.08,0.0,23,0
2018120323,West End,131,42.08,0.0,23,0
2018120400,Back Bay,147,41.47,0.0,0,0
2018120400,Beacon Hill,155,41.47,0.0,0,0
2018120400,Boston University,179,41.47,0.0,0,0
2018120400,Fenway,144,41.47,0.0,0,0
2018120400,Financial District,206,41.47,0.0,0,0
2018120400,Haymarket Square,165,41.47,0.0,0,0
2018120400,North End,115,41.47,0.0,0,0
2018120400,North Station,153,41.47,0.0,0,0
2018120400,Northeastern University,179,41.47,0.0,0,0
2018120400,South Station,142,41.47,0.0,0,0
2018120400,Theatre District,164,41.47,0.0,0,0
2018120400,West End,123,41.47,0.0,0,0
2018120401,Back Bay,123,40.67,0.0,1,0
2018120401,Beacon Hill,58,40.67,0.0,1,0
2018120401,Boston University,138,40.67,0.0,1,0
2018120401,Fenway,156,40.67,0.0,1,0
2018120401,Financial District,137,40.67,0.0,1,0
2018120401,Haymarket Square,119,40.67,0.0,1,0
2018120401,North End,110,40.67,0.0,1,0
2018120401,North Station,163,40.67,0.0,1,0
2018120401,Northeastern University,149,40.67,0.0,1,0
2018120401,South Station,130,40.67,0.0,1,0
2018120401,Theatre District,122,40.67,0.0,1,0
2018120401,West End,155,40.67,0.0,1,0
2018120918,Back Bay,210,30.26,0.0,18,1
2018120918,Beacon Hill,104,30.259999999999998,0.0,18,1
2018120918,Boston University,151,30.26,0.0,18,1
2018120918,Fenway,154,30.259999999999998,0.0,18,1
2018120918,Financial District,126,30.26,0.0,18,1
2018120918,Haymarket Square,144,30.260000000000005,0.0,18,1
2018120918,North End,121,30.26,0.0,18,1
2018120918,North Station,106,30.259999999999998,0.0,18,1
2018120918,Northeastern University,156,30.26,0.0,18,1
2018120918,South Station,136,30.260000000000005,0.0,18,1
2018120918,Theatre District,130,30.26,0.0,18,1
2018120918,West End,136,30.260000000000005,0.0,18,1
2018120919,Back Bay,70,29.68,0.0,19,1
2018120919,Beacon Hill,72,29.68,0.0,19,1
2018120919,Boston University,84,29.68,0.0,19,1
2018120919,Fenway,96,29.679999999999996,0.0,19,1
2018120919,Financial District,62,29.68,0.0,19,1
2018120919,Haymarket Square,74,29.680000000000003,0.0,19,1
2018120919,North End,63,29.68,0.0,19,1
2018120919,North Station,63,29.68,0.0,19,1
2018120919,Northeastern University,108,29.68,0.0,19,1
2018120919,South Station,66,29.68,0.0,19,1
2018120919,Theatre District,62,29.68,0.0,19,1
2018120919,West End,81,29.68,0.0,19,1
2018120920,Back Bay,7,29.35,0.0,20,1
2018120920,Beacon Hill,24,29.350000000000005,0.0,20,1
2018120920,Boston University,15,29.35,0.0,20,1
2018120920,Fenway,6,29.350000000000005,0.0,20,1
2018120920,Financial District,5,29.35,0.0,20,1
2018120920,Haymarket Square,13,29.35,0.0,20,1
2018120920,North End,14,29.35,0.0,20,1
2018120920,North Station,25,29.35,0.0,20,1
2018120920,Northeastern University,6,29.350000000000005,0.0,20,1
2018120920,South Station,15,29.35,0.0,20,1
2018120920,Theatre District,14,29.35,0.0,20,1
2018120920,West End,12,29.350000000000005,0.0,20,1
2018120921,Back Bay,183,29.050000000000004,0.0,21,1
2018120921,Beacon Hill,129,29.05,0.0,21,1
2018120921,Boston University,148,29.050000000000004,0.0,21,1
2018120921,Fenway,154,29.049999999999997,0.0,21,1
2018120921,Financial District,150,29.05,0.0,21,1
2018120921,Haymarket Square,135,29.05,0.0,21,1
2018120921,North End,152,29.05,0.0,21,1
2018120921,North Station,123,29.05,0.0,21,1
2018120921,Northeastern University,127,29.05,0.0,21,1
2018120921,South Station,140,29.05,0.0,21,1
2018120921,Theatre District,120,29.05,0.0,21,1
2018120921,West End,155,29.05,0.0,21,1
2018121222,Back Bay,124,23.26,0.0,22,0
2018121222,Beacon Hill,91,23.260000000000005,0.0,22,0
2018121222,Boston University,116,23.26,0.0,22,0
2018121222,Fenway,88,23.26,0.0,22,0
2018121222,Financial District,102,23.26,0.0,22,0
2018121222,Haymarket Square,101,23.26,0.0,22,0
2018121222,North End,139,23.26,0.0,22,0
2018121222,North Station,108,23.260000000000005,0.0,22,0
2018121222,Northeastern University,91,23.260000000000005,0.0,22,0
2018121222,South Station,86,23.26,0.0,22,0
2018121222,Theatre District,123,23.26,0.0,22,0
2018121222,West End,93,23.26,0.0,22,0
2018121223,Back Bay,120,23.19,0.0,23,0
2018121223,Beacon Hill,163,23.19,0.0,23,0
2018121223,Boston University,143,23.19,0.0,23,0
2018121223,Fenway,160,23.19,0.0,23,0
2018121223,Financial District,167,23.19,0.0,23,0
2018121223,Haymarket Square,121,23.19,0.0,23,0
2018121223,North End,166,23.19,0.0,23,0
2018121223,North Station,179,23.19,0.0,23,0
2018121223,Northeastern University,160,23.19,0.0,23,0
2018121223,South Station,161,23.19,0.0,23,0
2018121223,Theatre District,152,23.19,0.0,23,0
2018121223,West End,166,23.19,0.0,23,0
2018121300,Back Bay,157,20.07,0.0,0,0
2018121300,Beacon Hill,156,20.07,0.0,0,0
2018121300,Boston University,157,20.07,0.0,0,0
2018121300,Fenway,159,20.07,0.0,0,0
2018121300,Financial District,157,20.07,0.0,0,0
2018121300,Haymarket Square,178,20.07,0.0,0,0
2018121300,North End,133,20.07,0.0,0,0
2018121300,North Station,160,20.07,0.0,0,0
2018121300,Northeastern University,164,20.07,0.0,0,0
2018121300,South Station,158,20.07,0.0,0,0
2018121300,Theatre District,149,20.07,0.0,0,0
2018121300,West End,144,20.07,0.0,0,0
2018121301,Back Bay,142,19.28,0.0,1,0
2018121301,Beacon Hill,123,19.28,0.0,1,0
2018121301,Boston University,207,19.28,0.0,1,0
2018121301,Fenway,158,19.28,0.0,1,0
2018121301,Financial District,104,19.28,0.0,1,0
2018121301,Haymarket Square,147,19.28,0.0,1,0
2018121301,North End,158,19.28,0.0,1,0
2018121301,North Station,192,19.28,0.0,1,0
2018121301,Northeastern University,185,19.28,0.0,1,0
2018121301,South Station,150,19.28,0.0,1,0
2018121301,Theatre District,152,19.28,0.0,1,0
2018121301,West End,154,19.28,0.0,1,0
2018121302,Back Bay,155,18.91,0.0,2,0
2018121302,Beacon Hill,169,18.91,0.0,2,0
2018121302,Boston University,133,18.91,0.0,2,0
2018121302,Fenway,166,18.91,0.0,2,0
2018121302,Financial District,146,18.91,0.0,2,0
2018121302,Haymarket Square,120,18.91,0.0,2,0
2018121302,North End,175,18.91,0.0,2,0
2018121302,North Station,125,18.91,0.0,2,0
2018121302,Northeastern University,118,18.91,0.0,2,0
2018121302,South Station,114,18.910000000000004,0.0,2,0
2018121302,Theatre District,136,18.91,0.0,2,0
2018121302,West End,159,18.91,0.0,2,0
2018121303,Back Bay,159,18.97,0.0,3,0
2018121303,Beacon Hill,168,18.97,0.0,3,0
2018121303,Boston University,144,18.97,0.0,3,0
2018121303,Fenway,186,18.97,0.0,3,0
2018121303,Financial District,162,18.97,0.0,3,0
2018121303,Haymarket Square,173,18.97,0.0,3,0
2018121303,North End,130,18.97,0.0,3,0
2018121303,North Station,162,18.97,0.0,3,0
2018121303,Northeastern University,169,18.97,0.0,3,0
2018121303,South Station,147,18.97,0.0,3,0
2018121303,Theatre District,139,18.97,0.0,3,0
2018121303,West End,132,18.97,0.0,3,0
2018121304,Back Bay,135,20.23,0.0,4,0
2018121304,Beacon Hill,156,20.23,0.0,4,0
2018121304,Boston University,192,20.23,0.0,4,0
2018121304,Fenway,168,20.23,0.0,4,0
2018121304,Financial District,147,20.23,0.0,4,0
2018121304,Haymarket Square,128,20.23,0.0,4,0
2018121304,North End,135,20.23,0.0,4,0
2018121304,North Station,137,20.23,0.0,4,0
2018121304,Northeastern University,187,20.23,0.0,4,0
2018121304,South Station,152,20.23,0.0,4,0
2018121304,Theatre District,180,20.23,0.0,4,0
2018121304,West End,155,20.23,0.0,4,0
2018121305,Back Bay,133,20.38,0.0,5,0
2018121305,Beacon Hill,167,20.38,0.0,5,0
2018121305,Boston University,174,20.38,0.0,5,0
2018121305,Fenway,172,20.38,0.0,5,0
2018121305,Financial District,124,20.38,0.0,5,0
2018121305,Haymarket Square,168,20.38,0.0,5,0
2018121305,North End,137,20.38,0.0,5,0
2018121305,North Station,176,20.38,0.0,5,0
2018121305,Northeastern University,134,20.38,0.0,5,0
2018121305,South Station,160,20.38,0.0,5,0
2018121305,Theatre District,190,20.38,0.0,5,0
2018121305,West End,137,20.38,0.0,5,0
2018121306,Back Bay,154,20.42,0.0,6,0
2018121306,Beacon Hill,160,20.42,0.0,6,0
2018121306,Boston University,190,20.42,0.0,6,0
2018121306,Fenway,167,20.42,0.0,6,0
2018121306,Financial District,124,20.42,0.0,6,0
2018121306,Haymarket Square,153,20.42,0.0,6,0
2018121306,North End,163,20.42,0.0,6,0
2018121306,North Station,138,20.42,0.0,6,0
2018121306,Northeastern University,143,20.42,0.0,6,0
2018121306,South Station,158,20.42,0.0,6,0
2018121306,Theatre District,166,20.42,0.0,6,0
2018121306,West End,156,20.42,0.0,6,0
2018121307,Back Bay,183,20.01,0.0,7,0
2018121307,Beacon Hill,154,20.01,0.0,7,0
2018121307,Boston University,130,20.01,0.0,7,0
2018121307,Fenway,132,20.01,0.0,7,0
2018121307,Financial District,158,20.01,0.0,7,0
2018121307,Haymarket Square,123,20.01,0.0,7,0
2018121307,North End,182,20.01,0.0,7,0
2018121307,North Station,146,20.01,0.0,7,0
2018121307,Northeastern University,109,20.01,0.0,7,0
2018121307,South Station,190,20.01,0.0,7,0
2018121307,Theatre District,182,20.01,0.0,7,0
2018121307,West End,183,20.01,0.0,7,0
2018121308,Back Bay,170,22.18,0.0,8,0
2018121308,Beacon Hill,142,22.18,0.0,8,0
2018121308,Boston University,133,22.18,0.0,8,0
2018121308,Fenway,165,22.18,0.0,8,0
2018121308,Financial District,152,22.18,0.0,8,0
2018121308,Haymarket Square,147,22.18,0.0,8,0
2018121308,North End,180,22.18,0.0,8,0
2018121308,North Station,189,22.179999999999996,0.0,8,0
2018121308,Northeastern University,157,22.18,0.0,8,0
2018121308,South Station,150,22.18,0.0,8,0
2018121308,Theatre District,148,22.18,0.0,8,0
2018121308,West End,139,22.18,0.0,8,0
2018121309,Back Bay,146,25.55,0.0,9,0
2018121309,Beacon Hill,167,25.55,0.0,9,0
2018121309,Boston University,144,25.55,0.0,9,0
2018121309,Fenway,167,25.55,0.0,9,0
2018121309,Financial District,124,25.55,0.0,9,0
2018121309,Haymarket Square,165,25.55,0.0,9,0
2018121309,North End,126,25.55,0.0,9,0
2018121309,North Station,157,25.55,0.0,9,0
2018121309,Northeastern University,158,25.55,0.0,9,0
2018121309,South Station,187,25.55,0.0,9,0
2018121309,Theatre District,140,25.55,0.0,9,0
2018121309,West End,191,25.55,0.0,9,0
2018121310,Back Bay,189,28.42,0.0,10,0
2018121310,Beacon Hill,118,28.42,0.0,10,0
2018121310,Boston University,164,28.42,0.0,10,0
2018121310,Fenway,137,28.42,0.0,10,0
2018121310,Financial District,179,28.42,0.0,10,0
2018121310,Haymarket Square,106,28.419999999999998,0.0,10,0
2018121310,North End,176,28.42,0.0,10,0
2018121310,North Station,158,28.420000000000005,0.0,10,0
2018121310,Northeastern University,168,28.42,0.0,10,0
2018121310,South Station,132,28.42,0.0,10,0
2018121310,Theatre District,157,28.42,0.0,10,0
2018121310,West End,188,28.42,0.0,10,0
2018121311,Back Bay,161,30.46,0.0,11,0
2018121311,Beacon Hill,135,30.460000000000004,0.0,11,0
2018121311,Boston University,162,30.460000000000004,0.0,11,0
2018121311,Fenway,154,30.46,0.0,11,0
2018121311,Financial District,195,30.459999999999997,0.0,11,0
2018121311,Haymarket Square,163,30.460000000000004,0.0,11,0
2018121311,North End,108,30.460000000000004,0.0,11,0
2018121311,North Station,150,30.46,0.0,11,0
2018121311,Northeastern University,156,30.46,0.0,11,0
2018121311,South Station,162,30.460000000000004,0.0,11,0
2018121311,Theatre District,167,30.459999999999997,0.0,11,0
2018121311,West End,159,30.46,0.0,11,0
2018121312,Back Bay,138,31.24,0.0,12,0
2018121312,Beacon Hill,184,31.24,0.0,12,0
2018121312,Boston University,165,31.24,0.0,12,0
2018121312,Fenway,188,31.24,0.0,12,0
2018121312,Financial District,153,31.239999999999995,0.0,12,0
2018121312,Haymarket Square,126,31.24,0.0,12,0
2018121312,North End,177,31.24,0.0,12,0
2018121312,North Station,176,31.24,0.0,12,0
2018121312,Northeastern University,141,31.240000000000002,0.0,12,0
2018121312,South Station,156,31.24,0.0,12,0
2018121312,Theatre District,128,31.24,0.0,12,0
2018121312,West End,140,31.239999999999995,0.0,12,0
2018121313,Back Bay,148,32.67,0.0,13,0
2018121313,Beacon Hill,151,32.67,0.0,13,0
2018121313,Boston University,152,32.67,0.0,13,0
2018121313,Fenway,193,32.67,0.0,13,0
2018121313,Financial District,161,32.67,0.0,13,0
2018121313,Haymarket Square,173,32.67,0.0,13,0
2018121313,North End,152,32.67,0.0,13,0
2018121313,North Station,132,32.67,0.0,13,0
2018121313,Northeastern University,165,32.67,0.0,13,0
2018121313,South Station,121,32.67,0.0,13,0
2018121313,Theatre District,190,32.67,0.0,13,0
2018121313,West End,134,32.67,0.0,13,0
2018121314,Back Bay,167,32.85,0.0,14,0
2018121314,Beacon Hill,134,32.85,0.0,14,0
2018121314,Boston University,151,32.85,0.0,14,0
2018121314,Fenway,153,32.85,0.0,14,0
2018121314,Financial District,160,32.85,0.0,14,0
2018121314,Haymarket Square,146,32.85,0.0,14,0
2018121314,North End,137,32.85,0.0,14,0
2018121314,North Station,166,32.85,0.0,14,0
2018121314,Northeastern University,166,32.85,0.0,14,0
2018121314,South Station,159,32.85,0.0,14,0
2018121314,Theatre District,144,32.85,0.0,14,0
2018121314,West End,189,32.85,0.0,14,0
2018121315,Back Bay,148,33.15,0.0,15,0
2018121315,Beacon Hill,130,33.15,0.0,15,0
2018121315,Boston University,174,33.15,0.0,15,0
2018121315,Fenway,169,33.15,0.0,15,0
2018121315,Financial District,148,33.15,0.0,15,0
2018121315,Haymarket Square,166,33.15,0.0,15,0
2018121315,North End,188,33.15,0.0,15,0
2018121315,North Station,160,33.15,0.0,15,0
2018121315,Northeastern University,147,33.15,0.0,15,0
2018121315,South Station,161,33.15,0.0,15,0
2018121315,Theatre District,168,33.15,0.0,15,0
2018121315,West End,113,33.15,0.0,15,0
2018121316,Back Bay,124,32.6,0.0,16,0
2018121316,Beacon Hill,176,32.6,0.0,16,0
2018121316,Boston University,109,32.6,0.0,16,0
2018121316,Fenway,151,32.6,0.0,16,0
2018121316,Financial District,165,32.6,0.0,16,0
2018121316,Haymarket Square,102,32.6,0.0,16,0
2018121316,North End,183,32.6,0.0,16,0
2018121316,North Station,184,32.6,0.0,16,0
2018121316,Northeastern University,183,32.6,0.0,16,0
2018121316,South Station,160,32.6,0.0,16,0
2018121316,Theatre District,188,32.6,0.0,16,0
2018121316,West End,147,32.6,0.0,16,0
2018121317,Back Bay,134,31.979999999999997,0.0,17,0
2018121317,Beacon Hill,210,31.98,0.0,17,0
2018121317,Boston University,182,31.979999999999997,0.0,17,0
2018121317,Fenway,140,31.98,0.0,17,0
2018121317,Financial District,138,31.979999999999997,0.0,17,0
2018121317,Haymarket Square,179,31.98,0.0,17,0
2018121317,North End,147,31.980000000000004,0.0,17,0
2018121317,North Station,137,31.98,0.0,17,0
2018121317,Northeastern University,186,31.979999999999997,0.0,17,0
2018121317,South Station,137,31.98,0.0,17,0
2018121317,Theatre District,136,31.979999999999997,0.0,17,0
2018121317,West End,146,31.98,0.0,17,0
2018121318,Back Bay,138,31.41,0.0,18,0
2018121318,Beacon Hill,155,31.41,0.0,18,0
2018121318,Boston University,174,31.41,0.0,18,0
2018121318,Fenway,141,31.410000000000004,0.0,18,0
2018121318,Financial District,178,31.410000000000004,0.0,18,0
2018121318,Haymarket Square,136,31.41,0.0,18,0
2018121318,North End,156,31.41,0.0,18,0
2018121318,North Station,163,31.41,0.0,18,0
2018121318,Northeastern University,142,31.41,0.0,18,0
2018121318,South Station,193,31.41,0.0,18,0
2018121318,Theatre District,146,31.409999999999997,0.0,18,0
2018121318,West End,150,31.41,0.0,18,0
2018121319,Back Bay,175,31.25,0.0,19,0
2018121319,Beacon Hill,166,31.25,0.0,19,0
2018121319,Boston University,138,31.25,0.0,19,0
2018121319,Fenway,155,31.25,0.0,19,0
2018121319,Financial District,151,31.25,0.0,19,0
2018121319,Haymarket Square,165,31.25,0.0,19,0
2018121319,North End,192,31.25,0.0,19,0
2018121319,North Station,141,31.25,0.0,19,0
2018121319,Northeastern University,154,31.25,0.0,19,0
2018121319,South Station,145,31.25,0.0,19,0
2018121319,Theatre District,167,31.25,0.0,19,0
2018121319,West End,123,31.25,0.0,19,0
2018121320,Back Bay,180,30.64,0.0,20,0
2018121320,Beacon Hill,224,30.640000000000004,0.0,20,0
2018121320,Boston University,168,30.640000000000004,0.0,20,0
2018121320,Fenway,185,30.640000000000004,0.0,20,0
2018121320,Financial District,115,30.64,0.0,20,0
2018121320,Haymarket Square,133,30.64,0.0,20,0
2018121320,North End,119,30.639999999999997,0.0,20,0
2018121320,North Station,146,30.640000000000004,0.0,20,0
2018121320,Northeastern University,151,30.64,0.0,20,0
2018121320,South Station,143,30.640000000000004,0.0,20,0
2018121320,Theatre District,138,30.639999999999997,0.0,20,0
2018121320,West End,170,30.64,0.0,20,0
2018121321,Back Bay,151,31.54,0.0,21,0
2018121321,Beacon Hill,166,31.539999999999996,0.0,21,0
2018121321,Boston University,141,31.540000000000003,0.0,21,0
2018121321,Fenway,176,31.54,0.0,21,0
2018121321,Financial District,134,31.54,0.0,21,0
2018121321,Haymarket Square,150,31.54,0.0,21,0
2018121321,North End,151,31.54,0.0,21,0
2018121321,North Station,162,31.539999999999996,0.0,21,0
2018121321,Northeastern University,125,31.54,0.0,21,0
2018121321,South Station,152,31.54,0.0,21,0
2018121321,Theatre District,189,31.539999999999996,0.0,21,0
2018121321,West End,175,31.54,0.0,21,0
2018121322,Back Bay,148,31.569999999999997,0.0,22,0
2018121322,Beacon Hill,147,31.57,0.0,22,0
2018121322,Boston University,204,31.57,0.0,22,0
2018121322,Fenway,132,31.569999999999997,0.0,22,0
2018121322,Financial District,143,31.57,0.0,22,0
2018121322,Haymarket Square,144,31.57,0.0,22,0
2018121322,North End,133,31.570000000000004,0.0,22,0
2018121322,North Station,133,31.570000000000004,0.0,22,0
2018121322,Northeastern University,191,31.57,0.0,22,0
2018121322,South Station,168,31.57,0.0,22,0
2018121322,Theatre District,164,31.570000000000004,0.0,22,0
2018121322,West End,165,31.57,0.0,22,0
2018121323,Back Bay,131,31.1,0.0,23,0
2018121323,Beacon Hill,180,31.1,0.0,23,0
2018121323,Boston University,132,31.099999999999998,0.0,23,0
2018121323,Fenway,181,31.1,0.0,23,0
2018121323,Financial District,155,31.1,0.0,23,0
2018121323,Haymarket Square,170,31.1,0.0,23,0
2018121323,North End,103,31.1,0.0,23,0
2018121323,North Station,170,31.1,0.0,23,0
2018121323,Northeastern University,121,31.1,0.0,23,0
2018121323,South Station,197,31.100000000000005,0.0,23,0
2018121323,Theatre District,194,31.1,0.0,23,0
2018121323,West End,138,31.1,0.0,23,0
2018121400,Back Bay,156,30.87,0.0,0,0
2018121400,Beacon Hill,133,30.87,0.0,0,0
2018121400,Boston University,145,30.870000000000005,0.0,0,0
2018121400,Fenway,139,30.87,0.0,0,0
2018121400,Financial District,165,30.87,0.0,0,0
2018121400,Haymarket Square,218,30.87,0.0,0,0
2018121400,North End,153,30.870000000000005,0.0,0,0
2018121400,North Station,151,30.87,0.0,0,0
2018121400,Northeastern University,150,30.87,0.0,0,0
2018121400,South Station,137,30.870000000000005,0.0,0,0
2018121400,Theatre District,152,30.869999999999997,0.0,0,0
2018121400,West End,173,30.87,0.0,0,0
2018121401,Back Bay,178,29.629999999999995,0.0,1,0
2018121401,Beacon Hill,159,29.63,0.0,1,0
2018121401,Boston University,161,29.630000000000003,0.0,1,0
2018121401,Fenway,167,29.63,0.0,1,0
2018121401,Financial District,157,29.63,0.0,1,0
2018121401,Haymarket Square,161,29.630000000000003,0.0,1,0
2018121401,North End,137,29.63,0.0,1,0
2018121401,North Station,146,29.629999999999995,0.0,1,0
2018121401,Northeastern University,134,29.63,0.0,1,0
2018121401,South Station,147,29.63,0.0,1,0
2018121401,Theatre District,176,29.63,0.0,1,0
2018121401,West End,149,29.63,0.0,1,0
2018121402,Back Bay,124,29.22,0.0,2,0
2018121402,Beacon Hill,144,29.220000000000002,0.0,2,0
2018121402,Boston University,142,29.22,0.0,2,0
2018121402,Fenway,158,29.220000000000002,0.0,2,0
2018121402,Financial District,169,29.219999999999995,0.0,2,0
2018121402,Haymarket Square,227,29.22,0.0,2,0
2018121402,North End,131,29.22,0.0,2,0
2018121402,North Station,150,29.22,0.0,2,0
2018121402,Northeastern University,151,29.220000000000002,0.0,2,0
2018121402,South Station,168,29.22,0.0,2,0
2018121402,Theatre District,167,29.22,0.0,2,0
2018121402,West End,141,29.219999999999995,0.0,2,0
2018121403,Back Bay,148,28.199999999999996,0.0,3,0
2018121403,Beacon Hill,127,28.2,0.0,3,0
2018121403,Boston University,155,28.2,0.0,3,0
2018121403,Fenway,190,28.2,0.0,3,0
2018121403,Financial District,187,28.2,0.0,3,0
2018121403,Haymarket Square,150,28.2,0.0,3,0
2018121403,North End,163,28.199999999999996,0.0,3,0
2018121403,North Station,125,28.2,0.0,3,0
2018121403,Northeastern University,148,28.199999999999996,0.0,3,0
2018121403,South Station,176,28.2,0.0,3,0
2018121403,Theatre District,137,28.2,0.0,3,0
2018121403,West End,166,28.2,0.0,3,0
2018121404,Back Bay,196,27.77,0.0,4,0
2018121404,Beacon Hill,183,27.77,0.0,4,0
2018121404,Boston University,135,27.77,0.0,4,0
2018121404,Fenway,126,27.77,0.0,4,0
2018121404,Financial District,167,27.77,0.0,4,0
2018121404,Haymarket Square,137,27.77,0.0,4,0
2018121404,North End,138,27.77,0.0,4,0
2018121404,North Station,161,27.770000000000003,0.0,4,0
2018121404,Northeastern University,151,27.769999999999996,0.0,4,0
2018121404,South Station,185,27.77,0.0,4,0
2018121404,Theatre District,142,27.77,0.0,4,0
2018121404,West End,151,27.769999999999996,0.0,4,0
2018121405,Back Bay,132,27.71,0.0,5,0
2018121405,Beacon Hill,158,27.71,0.0,5,0
2018121405,Boston University,194,27.709999999999997,0.0,5,0
2018121405,Fenway,160,27.71,0.0,5,0
2018121405,Financial District,135,27.71,0.0,5,0
2018121405,Haymarket Square,168,27.709999999999997,0.0,5,0
2018121405,North End,147,27.71,0.0,5,0
2018121405,North Station,161,27.71,0.0,5,0
2018121405,Northeastern University,186,27.71,0.0,5,0
2018121405,South Station,125,27.71,0.0,5,0
2018121405,Theatre District,159,27.71,0.0,5,0
2018121405,West End,147,27.71,0.0,5,0
2018121406,Back Bay,149,27.830000000000002,0.0,6,0
2018121406,Beacon Hill,170,27.83,0.0,6,0
2018121406,Boston University,153,27.83,0.0,6,0
2018121406,Fenway,178,27.83,0.0,6,0
2018121406,Financial District,182,27.83,0.0,6,0
2018121406,Haymarket Square,121,27.83,0.0,6,0
2018121406,North End,163,27.83,0.0,6,0
2018121406,North Station,134,27.83,0.0,6,0
2018121406,Northeastern University,127,27.83,0.0,6,0
2018121406,South Station,188,27.83,0.0,6,0
2018121406,Theatre District,158,27.829999999999995,0.0,6,0
2018121406,West End,149,27.830000000000002,0.0,6,0
2018121407,Back Bay,133,27.93,0.0,7,0
2018121407,Beacon Hill,167,27.930000000000003,0.0,7,0
2018121407,Boston University,181,27.93,0.0,7,0
2018121407,Fenway,172,27.93,0.0,7,0
2018121407,Financial District,154,27.930000000000003,0.0,7,0
2018121407,Haymarket Square,155,27.929999999999996,0.0,7,0
2018121407,North End,140,27.93,0.0,7,0
2018121407,North Station,149,27.93,0.0,7,0
2018121407,Northeastern University,152,27.929999999999996,0.0,7,0
2018121407,South Station,195,27.930000000000003,0.0,7,0
2018121407,Theatre District,135,27.93,0.0,7,0
2018121407,West End,139,27.93,0.0,7,0
2018121408,Back Bay,154,30.58,0.0,8,0
2018121408,Beacon Hill,135,30.580000000000002,0.0,8,0
2018121408,Boston University,173,30.580000000000002,0.0,8,0
2018121408,Fenway,133,30.58,0.0,8,0
2018121408,Financial District,126,30.58,0.0,8,0
2018121408,Haymarket Square,134,30.579999999999995,0.0,8,0
2018121408,North End,152,30.58,0.0,8,0
2018121408,North Station,233,30.58,0.0,8,0
2018121408,Northeastern University,135,30.580000000000002,0.0,8,0
2018121408,South Station,174,30.580000000000002,0.0,8,0
2018121408,Theatre District,168,30.58,0.0,8,0
2018121408,West End,155,30.58,0.0,8,0
2018121409,Back Bay,116,36.08,0.0,9,0
2018121409,Beacon Hill,134,36.08,0.0,9,0
2018121409,Boston University,208,36.08,0.0,9,0
2018121409,Fenway,172,36.08,0.0,9,0
2018121409,Financial District,154,36.08,0.0,9,0
2018121409,Haymarket Square,170,36.08,0.0,9,0
2018121409,North End,198,36.08,0.0,9,0
2018121409,North Station,119,36.08,0.0,9,0
2018121409,Northeastern University,161,36.08,0.0,9,0
2018121409,South Station,176,36.08,0.0,9,0
2018121409,Theatre District,104,36.08,0.0,9,0
2018121409,West End,160,36.08,0.0,9,0
2018121410,Back Bay,168,40.9,0.0,10,0
2018121410,Beacon Hill,149,40.9,0.0,10,0
2018121410,Boston University,158,40.9,0.0,10,0
2018121410,Fenway,156,40.9,0.0,10,0
2018121410,Financial District,130,40.9,0.0,10,0
2018121410,Haymarket Square,212,40.9,0.0,10,0
2018121410,North End,122,40.9,0.0,10,0
2018121410,North Station,154,40.9,0.0,10,0
2018121410,Northeastern University,134,40.9,0.0,10,0
2018121410,South Station,175,40.9,0.0,10,0
2018121410,Theatre District,188,40.9,0.0,10,0
2018121410,West End,126,40.9,0.0,10,0
2018121411,Back Bay,160,43.0,0.0,11,0
2018121411,Beacon Hill,141,43.0,0.0,11,0
2018121411,Boston University,156,43.0,0.0,11,0
2018121411,Fenway,177,43.0,0.0,11,0
2018121411,Financial District,186,43.0,0.0,11,0
2018121411,Haymarket Square,160,43.0,0.0,11,0
2018121411,North End,163,43.0,0.0,11,0
2018121411,North Station,164,43.0,0.0,11,0
2018121411,Northeastern University,129,43.0,0.0,11,0
2018121411,South Station,129,43.0,0.0,11,0
2018121411,Theatre District,173,43.0,0.0,11,0
2018121411,West End,134,43.0,0.0,11,0
2018121412,Back Bay,147,44.89,0.0,12,0
2018121412,Beacon Hill,127,44.89,0.0,12,0
2018121412,Boston University,133,44.89,0.0,12,0
2018121412,Fenway,169,44.89,0.0,12,0
2018121412,Financial District,168,44.89,0.0,12,0
2018121412,Haymarket Square,164,44.89,0.0,12,0
2018121412,North End,152,44.89,0.0,12,0
2018121412,North Station,146,44.89,0.0,12,0
2018121412,Northeastern University,165,44.89,0.0,12,0
2018121412,South Station,162,44.89,0.0,12,0
2018121412,Theatre District,157,44.89,0.0,12,0
2018121412,West End,182,44.89,0.0,12,0
2018121413,Back Bay,190,45.81999999999999,0.0,13,0
2018121413,Beacon Hill,167,45.82,0.0,13,0
2018121413,Boston University,190,45.81999999999999,0.0,13,0
2018121413,Fenway,151,45.82,0.0,13,0
2018121413,Financial District,136,45.82,0.0,13,0
2018121413,Haymarket Square,167,45.82,0.0,13,0
2018121413,North End,159,45.82,0.0,13,0
2018121413,North Station,116,45.82,0.0,13,0
2018121413,Northeastern University,158,45.82,0.0,13,0
2018121413,South Station,144,45.82,0.0,13,0
2018121413,Theatre District,155,45.82,0.0,13,0
2018121413,West End,139,45.82,0.0,13,0
2018121414,Back Bay,122,45.82,0.0,14,0
2018121414,Beacon Hill,175,45.82,0.0,14,0
2018121414,Boston University,120,45.82,0.0,14,0
2018121414,Fenway,212,45.82,0.0,14,0
2018121414,Financial District,165,45.82,0.0,14,0
2018121414,Haymarket Square,186,45.82,0.0,14,0
2018121414,North End,149,45.82,0.0,14,0
2018121414,North Station,145,45.82,0.0,14,0
2018121414,Northeastern University,155,45.82,0.0,14,0
2018121414,South Station,152,45.82,0.0,14,0
2018121414,Theatre District,138,45.82,0.0,14,0
2018121414,West End,153,45.82,0.0,14,0
2018121415,Back Bay,162,45.35,0.0,15,0
2018121415,Beacon Hill,133,45.35,0.0,15,0
2018121415,Boston University,153,45.35,0.0,15,0
2018121415,Fenway,232,45.35,0.0,15,0
2018121415,Financial District,168,45.35,0.0,15,0
2018121415,Haymarket Square,130,45.35,0.0,15,0
2018121415,North End,154,45.35,0.0,15,0
2018121415,North Station,139,45.35,0.0,15,0
2018121415,Northeastern University,172,45.35,0.0,15,0
2018121415,South Station,150,45.35,0.0,15,0
2018121415,Theatre District,123,45.35,0.0,15,0
2018121415,West End,156,45.35,0.0,15,0
2018121416,Back Bay,115,42.91,0.0,16,0
2018121416,Beacon Hill,150,42.91,0.0,16,0
2018121416,Boston University,135,42.91,0.0,16,0
2018121416,Fenway,173,42.91,0.0,16,0
2018121416,Financial District,184,42.91,0.0,16,0
2018121416,Haymarket Square,158,42.91,0.0,16,0
2018121416,North End,170,42.91,0.0,16,0
2018121416,North Station,142,42.91,0.0,16,0
2018121416,Northeastern University,109,42.91,0.0,16,0
2018121416,South Station,191,42.91,0.0,16,0
2018121416,Theatre District,192,42.91,0.0,16,0
2018121416,West End,153,42.91,0.0,16,0
2018121417,Back Bay,159,41.94,0.0,17,0
2018121417,Beacon Hill,168,41.94,0.0,17,0
2018121417,Boston University,175,41.94,0.0,17,0
2018121417,Fenway,127,41.94,0.0,17,0
2018121417,Financial District,152,41.94,0.0,17,0
2018121417,Haymarket Square,135,41.94,0.0,17,0
2018121417,North End,141,41.94,0.0,17,0
2018121417,North Station,207,41.94,0.0,17,0
2018121417,Northeastern University,132,41.94,0.0,17,0
2018121417,South Station,143,41.94,0.0,17,0
2018121417,Theatre District,112,41.94,0.0,17,0
2018121417,West End,221,41.94,0.0,17,0
2018121418,Back Bay,162,41.43,0.0,18,0
2018121418,Beacon Hill,176,41.43,0.0,18,0
2018121418,Boston University,177,41.43,0.0,18,0
2018121418,Fenway,141,41.43,0.0,18,0
2018121418,Financial District,138,41.43,0.0,18,0
2018121418,Haymarket Square,135,41.43,0.0,18,0
2018121418,North End,150,41.43,0.0,18,0
2018121418,North Station,200,41.43,0.0,18,0
2018121418,Northeastern University,144,41.43,0.0,18,0
2018121418,South Station,143,41.43,0.0,18,0
2018121418,Theatre District,151,41.43,0.0,18,0
2018121418,West End,155,41.43,0.0,18,0
2018121419,Back Bay,154,41.6,0.0,19,0
2018121419,Beacon Hill,140,41.6,0.0,19,0
2018121419,Boston University,190,41.6,0.0,19,0
2018121419,Fenway,161,41.6,0.0,19,0
2018121419,Financial District,153,41.6,0.0,19,0
2018121419,Haymarket Square,172,41.6,0.0,19,0
2018121419,North End,170,41.6,0.0,19,0
2018121419,North Station,194,41.6,0.0,19,0
2018121419,Northeastern University,100,41.6,0.0,19,0
2018121419,South Station,141,41.6,0.0,19,0
2018121419,Theatre District,162,41.6,0.0,19,0
2018121419,West End,135,41.6,0.0,19,0
2018121420,Back Bay,168,41.77,0.0,20,0
2018121420,Beacon Hill,191,41.77,0.0,20,0
2018121420,Boston University,119,41.77,0.0,20,0
2018121420,Fenway,152,41.77,0.0,20,0
2018121420,Financial District,132,41.77,0.0,20,0
2018121420,Haymarket Square,140,41.77,0.0,20,0
2018121420,North End,172,41.77,0.0,20,0
2018121420,North Station,163,41.77,0.0,20,0
2018121420,Northeastern University,155,41.77,0.0,20,0
2018121420,South Station,168,41.77,0.0,20,0
2018121420,Theatre District,166,41.77,0.0,20,0
2018121420,West End,146,41.77,0.0,20,0
2018121421,Back Bay,157,42.27,0.0,21,0
2018121421,Beacon Hill,138,42.27,0.0,21,0
2018121421,Boston University,174,42.27,0.0,21,0
2018121421,Fenway,178,42.27,0.0,21,0
2018121421,Financial District,155,42.27,0.0,21,0
2018121421,Haymarket Square,137,42.27,0.0,21,0
2018121421,North End,160,42.27,0.0,21,0
2018121421,North Station,188,42.27,0.0,21,0
2018121421,Northeastern University,148,42.27,0.0,21,0
2018121421,South Station,172,42.27,0.0,21,0
2018121421,Theatre District,139,42.27,0.0,21,0
2018121421,West End,126,42.27,0.0,21,0
2018121422,Back Bay,204,42.85,0.0,22,0
2018121422,Beacon Hill,169,42.85,0.0,22,0
2018121422,Boston University,169,42.85,0.0,22,0
2018121422,Fenway,120,42.85,0.0,22,0
2018121422,Financial District,152,42.85,0.0,22,0
2018121422,Haymarket Square,161,42.85,0.0,22,0
2018121422,North End,164,42.85,0.0,22,0
2018121422,North Station,140,42.85,0.0,22,0
2018121422,Northeastern University,121,42.85,0.0,22,0
2018121422,South Station,164,42.85,0.0,22,0
2018121422,Theatre District,159,42.85,0.0,22,0
2018121422,West End,149,42.85,0.0,22,0
2018121423,Back Bay,136,43.94,0.0,23,0
2018121423,Beacon Hill,153,43.94,0.0,23,0
2018121423,Boston University,194,43.93999999999999,0.0,23,0
2018121423,Fenway,190,43.940000000000005,0.0,23,0
2018121423,Financial District,155,43.94,0.0,23,0
2018121423,Haymarket Square,158,43.94,0.0,23,0
2018121423,North End,169,43.94,0.0,23,0
2018121423,North Station,128,43.94,0.0,23,0
2018121423,Northeastern University,138,43.94,0.0,23,0
2018121423,South Station,176,43.94,0.0,23,0
2018121423,Theatre District,143,43.94,0.0,23,0
2018121423,West End,132,43.94,0.0,23,0
2018121500,Back Bay,146,45.18,0.0,0,1
2018121500,Beacon Hill,127,45.18,0.0,0,1
2018121500,Boston University,164,45.18,0.0,0,1
2018121500,Fenway,154,45.18,0.0,0,1
2018121500,Financial District,158,45.18,0.0,0,1
2018121500,Haymarket Square,177,45.18,0.0,0,1
2018121500,North End,175,45.18,0.0,0,1
2018121500,North Station,137,45.18,0.0,0,1
2018121500,Northeastern University,171,45.18,0.0,0,1
2018121500,South Station,158,45.18,0.0,0,1
2018121500,Theatre District,182,45.18,0.0,0,1
2018121500,West End,123,45.18,0.0,0,1
2018121501,Back Bay,163,45.84,0.0,1,1
2018121501,Beacon Hill,138,45.84,0.0,1,1
2018121501,Boston University,154,45.84,0.0,1,1
2018121501,Fenway,165,45.84,0.0,1,1
2018121501,Financial District,168,45.84,0.0,1,1
2018121501,Haymarket Square,188,45.84,0.0,1,1
2018121501,North End,147,45.84,0.0,1,1
2018121501,North Station,120,45.84,0.0,1,1
2018121501,Northeastern University,160,45.84,0.0,1,1
2018121501,South Station,154,45.84,0.0,1,1
2018121501,Theatre District,158,45.84,0.0,1,1
2018121501,West End,157,45.84,0.0,1,1
2018121502,Back Bay,134,46.66,0.0,2,1
2018121502,Beacon Hill,141,46.66,0.0,2,1
2018121502,Boston University,168,46.66,0.0,2,1
2018121502,Fenway,153,46.66,0.0,2,1
2018121502,Financial District,136,46.66,0.0,2,1
2018121502,Haymarket Square,209,46.66,0.0,2,1
2018121502,North End,167,46.66,0.0,2,1
2018121502,North Station,163,46.66,0.0,2,1
2018121502,Northeastern University,156,46.66,0.0,2,1
2018121502,South Station,135,46.66,0.0,2,1
2018121502,Theatre District,161,46.66,0.0,2,1
2018121502,West End,149,46.66,0.0,2,1
2018121503,Back Bay,182,46.81,0.0,3,1
2018121503,Beacon Hill,188,46.81,0.0,3,1
2018121503,Boston University,148,46.81,0.0,3,1
2018121503,Fenway,155,46.81,0.0,3,1
2018121503,Financial District,136,46.81,0.0,3,1
2018121503,Haymarket Square,168,46.81,0.0,3,1
2018121503,North End,144,46.81,0.0,3,1
2018121503,North Station,144,46.81,0.0,3,1
2018121503,Northeastern University,161,46.81,0.0,3,1
2018121503,South Station,154,46.81,0.0,3,1
2018121503,Theatre District,145,46.81,0.0,3,1
2018121503,West End,147,46.81,0.0,3,1
2018121504,Back Bay,139,46.62,0.0,4,1
2018121504,Beacon Hill,152,46.62,0.0,4,1
2018121504,Boston University,159,46.62,0.0,4,1
2018121504,Fenway,157,46.62,0.0,4,1
2018121504,Financial District,179,46.62,0.0,4,1
2018121504,Haymarket Square,155,46.62,0.0,4,1
2018121504,North End,120,46.62,0.0,4,1
2018121504,North Station,170,46.62,0.0,4,1
2018121504,Northeastern University,135,46.62,0.0,4,1
2018121504,South Station,176,46.62,0.0,4,1
2018121504,Theatre District,175,46.62,0.0,4,1
2018121504,West End,155,46.62,0.0,4,1
2018121505,Back Bay,119,46.59,0.0,5,1
2018121505,Beacon Hill,145,46.59,0.0,5,1
2018121505,Boston University,167,46.59,0.0,5,1
2018121505,Fenway,164,46.59,0.0,5,1
2018121505,Financial District,159,46.59,0.0,5,1
2018121505,Haymarket Square,151,46.59,0.0,5,1
2018121505,North End,143,46.59,0.0,5,1
2018121505,North Station,164,46.59,0.0,5,1
2018121505,Northeastern University,160,46.59,0.0,5,1
2018121505,South Station,167,46.59,0.0,5,1
2018121505,Theatre District,183,46.59,0.0,5,1
2018121505,West End,150,46.59,0.0,5,1
2018121506,Back Bay,176,47.34,0.0024,6,1
2018121506,Beacon Hill,143,47.34,0.0024,6,1
2018121506,Boston University,181,47.34,0.0024,6,1
2018121506,Fenway,139,47.34,0.0024,6,1
2018121506,Financial District,157,47.34,0.0024,6,1
2018121506,Haymarket Square,189,47.34,0.0024,6,1
2018121506,North End,137,47.34,0.0024,6,1
2018121506,North Station,155,47.34,0.0024,6,1
2018121506,Northeastern University,159,47.34,0.0024,6,1
2018121506,South Station,163,47.34,0.0024,6,1
2018121506,Theatre District,138,47.34,0.0024,6,1
2018121506,West End,135,47.34,0.0024,6,1
2018121507,Back Bay,146,47.21,0.0049,7,1
2018121507,Beacon Hill,177,47.21,0.0049,7,1
2018121507,Boston University,194,47.21,0.0049,7,1
2018121507,Fenway,145,47.21,0.0049,7,1
2018121507,Financial District,135,47.21,0.0049,7,1
2018121507,Haymarket Square,181,47.21,0.0049,7,1
2018121507,North End,156,47.21,0.0049,7,1
2018121507,North Station,130,47.21,0.0049,7,1
2018121507,Northeastern University,113,47.21,0.0049,7,1
2018121507,South Station,155,47.21,0.0049,7,1
2018121507,Theatre District,164,47.21,0.0049,7,1
2018121507,West End,176,47.21000000000001,0.0049,7,1
2018121508,Back Bay,157,47.56,0.008,8,1
2018121508,Beacon Hill,159,47.56,0.008,8,1
2018121508,Boston University,162,47.56,0.008,8,1
2018121508,Fenway,193,47.56,0.008,8,1
2018121508,Financial District,191,47.56,0.008,8,1
2018121508,Haymarket Square,137,47.56,0.008,8,1
2018121508,North End,122,47.56,0.008,8,1
2018121508,North Station,138,47.56,0.008,8,1
2018121508,Northeastern University,150,47.56,0.008,8,1
2018121508,South Station,126,47.56,0.008,8,1
2018121508,Theatre District,156,47.56,0.008,8,1
2018121508,West End,181,47.56,0.008,8,1
2018121509,Back Bay,192,47.95000000000001,0.0013,9,1
2018121509,Beacon Hill,166,47.95,0.0013,9,1
2018121509,Boston University,172,47.949999999999996,0.0013,9,1
2018121509,Fenway,164,47.95,0.0013,9,1
2018121509,Financial District,154,47.95,0.0013,9,1
2018121509,Haymarket Square,169,47.95,0.0013,9,1
2018121509,North End,168,47.95,0.0013,9,1
2018121509,North Station,140,47.95,0.0013,9,1
2018121509,Northeastern University,130,47.95,0.0013,9,1
2018121509,South Station,170,47.95,0.0013,9,1
2018121509,Theatre District,137,47.95,0.0013,9,1
2018121509,West End,110,47.95,0.0013,9,1
2018121510,Back Bay,161,50.71,0.0,10,1
2018121510,Beacon Hill,130,50.71,0.0,10,1
2018121510,Boston University,180,50.709999999999994,0.0,10,1
2018121510,Fenway,150,50.71,0.0,10,1
2018121510,Financial District,153,50.71,0.0,10,1
2018121510,Haymarket Square,143,50.71,0.0,10,1
2018121510,North End,134,50.71,0.0,10,1
2018121510,North Station,146,50.71,0.0,10,1
2018121510,Northeastern University,206,50.71,0.0,10,1
2018121510,South Station,144,50.71,0.0,10,1
2018121510,Theatre District,163,50.71,0.0,10,1
2018121510,West End,162,50.71,0.0,10,1
2018121511,Back Bay,163,51.84,0.0,11,1
2018121511,Beacon Hill,142,51.84,0.0,11,1
2018121511,Boston University,147,51.84,0.0,11,1
2018121511,Fenway,128,51.84,0.0,11,1
2018121511,Financial District,133,51.84,0.0,11,1
2018121511,Haymarket Square,160,51.84000000000001,0.0,11,1
2018121511,North End,171,51.84000000000001,0.0,11,1
2018121511,North Station,178,51.84,0.0,11,1
2018121511,Northeastern University,135,51.84,0.0,11,1
2018121511,South Station,152,51.84,0.0,11,1
2018121511,Theatre District,207,51.84,0.0,11,1
2018121511,West End,156,51.84,0.0,11,1
2018121512,Back Bay,185,52.67999999999999,0.0,12,1
2018121512,Beacon Hill,127,52.68,0.0,12,1
2018121512,Boston University,153,52.68,0.0,12,1
2018121512,Fenway,171,52.68000000000001,0.0,12,1
2018121512,Financial District,170,52.68,0.0,12,1
2018121512,Haymarket Square,184,52.68000000000001,0.0,12,1
2018121512,North End,172,52.67999999999999,0.0,12,1
2018121512,North Station,157,52.68,0.0,12,1
2018121512,Northeastern University,165,52.68000000000001,0.0,12,1
2018121512,South Station,132,52.68,0.0,12,1
2018121512,Theatre District,110,52.68,0.0,12,1
2018121512,West End,146,52.68,0.0,12,1
2018121513,Back Bay,179,53.51,0.0,13,1
2018121513,Beacon Hill,141,53.51,0.0,13,1
2018121513,Boston University,155,53.51,0.0,13,1
2018121513,Fenway,141,53.51,0.0,13,1
2018121513,Financial District,150,53.51,0.0,13,1
2018121513,Haymarket Square,158,53.51,0.0,13,1
2018121513,North End,148,53.51,0.0,13,1
2018121513,North Station,212,53.51,0.0,13,1
2018121513,Northeastern University,164,53.51,0.0,13,1
2018121513,South Station,132,53.51,0.0,13,1
2018121513,Theatre District,141,53.51,0.0,13,1
2018121513,West End,151,53.51,0.0,13,1
2018121514,Back Bay,181,53.1,0.0,14,1
2018121514,Beacon Hill,164,53.099999999999994,0.0,14,1
2018121514,Boston University,119,53.1,0.0,14,1
2018121514,Fenway,129,53.1,0.0,14,1
2018121514,Financial District,177,53.1,0.0,14,1
2018121514,Haymarket Square,151,53.1,0.0,14,1
2018121514,North End,151,53.1,0.0,14,1
2018121514,North Station,129,53.1,0.0,14,1
2018121514,Northeastern University,177,53.1,0.0,14,1
2018121514,South Station,182,53.1,0.0,14,1
2018121514,Theatre District,143,53.1,0.0,14,1
2018121514,West End,169,53.099999999999994,0.0,14,1
2018121515,Back Bay,172,51.15,0.0,15,1
2018121515,Beacon Hill,128,51.15,0.0,15,1
2018121515,Boston University,179,51.15,0.0,15,1
2018121515,Fenway,147,51.15,0.0,15,1
2018121515,Financial District,147,51.15,0.0,15,1
2018121515,Haymarket Square,206,51.15,0.0,15,1
2018121515,North End,85,51.15,0.0,15,1
2018121515,North Station,138,51.15,0.0,15,1
2018121515,Northeastern University,183,51.14999999999999,0.0,15,1
2018121515,South Station,187,51.15,0.0,15,1
2018121515,Theatre District,132,51.15,0.0,15,1
2018121515,West End,168,51.14999999999999,0.0,15,1
2018121516,Back Bay,153,49.65,0.0,16,1
2018121516,Beacon Hill,157,49.65,0.0,16,1
2018121516,Boston University,142,49.65,0.0,16,1
2018121516,Fenway,165,49.65,0.0,16,1
2018121516,Financial District,150,49.65,0.0,16,1
2018121516,Haymarket Square,141,49.65,0.0,16,1
2018121516,North End,154,49.65,0.0,16,1
2018121516,North Station,176,49.65,0.0,16,1
2018121516,Northeastern University,139,49.65,0.0,16,1
2018121516,South Station,156,49.65,0.0,16,1
2018121516,Theatre District,149,49.65,0.0,16,1
2018121516,West End,190,49.65,0.0,16,1
2018121517,Back Bay,154,46.91,0.0,17,1
2018121517,Beacon Hill,162,46.91,0.0,17,1
2018121517,Boston University,156,46.91,0.0,17,1
2018121517,Fenway,169,46.91,0.0,17,1
2018121517,Financial District,141,46.91,0.0,17,1
2018121517,Haymarket Square,136,46.91,0.0,17,1
2018121517,North End,171,46.91,0.0,17,1
2018121517,North Station,132,46.91,0.0,17,1
2018121517,Northeastern University,168,46.91,0.0,17,1
2018121517,South Station,132,46.91,0.0,17,1
2018121517,Theatre District,176,46.91,0.0,17,1
2018121517,West End,175,46.91,0.0,17,1
2018121518,Back Bay,169,46.15,0.0,18,1
2018121518,Beacon Hill,142,46.15,0.0,18,1
2018121518,Boston University,163,46.15,0.0,18,1
2018121518,Fenway,143,46.15,0.0,18,1
2018121518,Financial District,212,46.15,0.0,18,1
2018121518,Haymarket Square,185,46.15,0.0,18,1
2018121518,North End,170,46.15,0.0,18,1
2018121518,North Station,121,46.15,0.0,18,1
2018121518,Northeastern University,144,46.15,0.0,18,1
2018121518,South Station,150,46.15,0.0,18,1
2018121518,Theatre District,140,46.15,0.0,18,1
2018121518,West End,133,46.15,0.0,18,1
2018121519,Back Bay,170,43.96,0.0,19,1
2018121519,Beacon Hill,141,43.96,0.0,19,1
2018121519,Boston University,162,43.96,0.0,19,1
2018121519,Fenway,139,43.96,0.0,19,1
2018121519,Financial District,182,43.96,0.0,19,1
2018121519,Haymarket Square,140,43.96,0.0,19,1
2018121519,North End,159,43.96,0.0,19,1
2018121519,North Station,143,43.96,0.0,19,1
2018121519,Northeastern University,161,43.96,0.0,19,1
2018121519,South Station,123,43.96,0.0,19,1
2018121519,Theatre District,168,43.96,0.0,19,1
2018121519,West End,184,43.96,0.0,19,1
2018121520,Back Bay,164,42.19,0.0,20,1
2018121520,Beacon Hill,147,42.19,0.0,20,1
2018121520,Boston University,180,42.19,0.0,20,1
2018121520,Fenway,132,42.19,0.0,20,1
2018121520,Financial District,94,42.19,0.0,20,1
2018121520,Haymarket Square,208,42.190000000000005,0.0,20,1
2018121520,North End,141,42.19,0.0,20,1
2018121520,North Station,138,42.19,0.0,20,1
2018121520,Northeastern University,200,42.19,0.0,20,1
2018121520,South Station,159,42.19,0.0,20,1
2018121520,Theatre District,129,42.19,0.0,20,1
2018121520,West End,180,42.19,0.0,20,1
2018121521,Back Bay,128,40.87,0.0,21,1
2018121521,Beacon Hill,147,40.87,0.0,21,1
2018121521,Boston University,147,40.87,0.0,21,1
2018121521,Fenway,186,40.87,0.0,21,1
2018121521,Financial District,166,40.87,0.0,21,1
2018121521,Haymarket Square,168,40.87,0.0,21,1
2018121521,North End,160,40.87,0.0,21,1
2018121521,North Station,145,40.87,0.0,21,1
2018121521,Northeastern University,150,40.87,0.0,21,1
2018121521,South Station,153,40.87,0.0,21,1
2018121521,Theatre District,180,40.87,0.0,21,1
2018121521,West End,142,40.87,0.0,21,1
2018121522,Back Bay,174,40.68,0.0,22,1
2018121522,Beacon Hill,149,40.68,0.0,22,1
2018121522,Boston University,145,40.68,0.0,22,1
2018121522,Fenway,172,40.68,0.0,22,1
2018121522,Financial District,153,40.68,0.0,22,1
2018121522,Haymarket Square,174,40.68,0.0,22,1
2018121522,North End,103,40.68,0.0,22,1
2018121522,North Station,196,40.68,0.0,22,1
2018121522,Northeastern University,157,40.68,0.0,22,1
2018121522,South Station,165,40.68,0.0,22,1
2018121522,Theatre District,132,40.68,0.0,22,1
2018121522,West End,152,40.68,0.0,22,1
2018121523,Back Bay,149,40.7,0.0,23,1
2018121523,Beacon Hill,154,40.7,0.0,23,1
2018121523,Boston University,148,40.7,0.0,23,1
2018121523,Fenway,195,40.7,0.0,23,1
2018121523,Financial District,167,40.7,0.0,23,1
2018121523,Haymarket Square,152,40.7,0.0,23,1
2018121523,North End,139,40.7,0.0,23,1
2018121523,North Station,138,40.7,0.0,23,1
2018121523,Northeastern University,176,40.7,0.0,23,1
2018121523,South Station,133,40.7,0.0,23,1
2018121523,Theatre District,138,40.7,0.0,23,1
2018121523,West End,183,40.7,0.0,23,1
2018121600,Back Bay,154,40.3,0.0,0,1
2018121600,Beacon Hill,161,40.3,0.0,0,1
2018121600,Boston University,162,40.3,0.0,0,1
2018121600,Fenway,185,40.3,0.0,0,1
2018121600,Financial District,183,40.3,0.0,0,1
2018121600,Haymarket Square,187,40.3,0.0,0,1
2018121600,North End,112,40.3,0.0,0,1
2018121600,North Station,149,40.3,0.0,0,1
2018121600,Northeastern University,153,40.3,0.0,0,1
2018121600,South Station,153,40.3,0.0,0,1
2018121600,Theatre District,118,40.3,0.0,0,1
2018121600,West End,155,40.3,0.0,0,1
2018121601,Back Bay,168,40.36,0.0,1,1
2018121601,Beacon Hill,136,40.36,0.0,1,1
2018121601,Boston University,163,40.36,0.0,1,1
2018121601,Fenway,192,40.36,0.0,1,1
2018121601,Financial District,135,40.36,0.0,1,1
2018121601,Haymarket Square,149,40.36,0.0,1,1
2018121601,North End,174,40.36,0.0,1,1
2018121601,North Station,126,40.36,0.0,1,1
2018121601,Northeastern University,171,40.36,0.0,1,1
2018121601,South Station,170,40.36,0.0,1,1
2018121601,Theatre District,128,40.36,0.0,1,1
2018121601,West End,160,40.36,0.0,1,1
2018121602,Back Bay,169,40.19,0.0,2,1
2018121602,Beacon Hill,145,40.19,0.0,2,1
2018121602,Boston University,186,40.19,0.0,2,1
2018121602,Fenway,122,40.19,0.0,2,1
2018121602,Financial District,171,40.19,0.0,2,1
2018121602,Haymarket Square,173,40.19,0.0,2,1
2018121602,North End,168,40.19,0.0,2,1
2018121602,North Station,189,40.19,0.0,2,1
2018121602,Northeastern University,162,40.19,0.0,2,1
2018121602,South Station,114,40.19,0.0,2,1
2018121602,Theatre District,122,40.19,0.0,2,1
2018121602,West End,151,40.19,0.0,2,1
2018121603,Back Bay,165,39.67,0.0,3,1
2018121603,Beacon Hill,186,39.67,0.0,3,1
2018121603,Boston University,174,39.67,0.0,3,1
2018121603,Fenway,161,39.67,0.0,3,1
2018121603,Financial District,183,39.67,0.0,3,1
2018121603,Haymarket Square,122,39.67,0.0,3,1
2018121603,North End,136,39.67,0.0,3,1
2018121603,North Station,147,39.67,0.0,3,1
2018121603,Northeastern University,135,39.67,0.0,3,1
2018121603,South Station,152,39.67,0.0,3,1
2018121603,Theatre District,148,39.67,0.0,3,1
2018121603,West End,163,39.67,0.0,3,1
2018121604,Back Bay,142,42.34,0.0,4,1
2018121604,Beacon Hill,183,42.34,0.0,4,1
2018121604,Boston University,134,42.34,0.0,4,1
2018121604,Fenway,163,42.34,0.0,4,1
2018121604,Financial District,155,42.34,0.0,4,1
2018121604,Haymarket Square,192,42.34,0.0,4,1
2018121604,North End,168,42.34,0.0,4,1
2018121604,North Station,121,42.34,0.0,4,1
2018121604,Northeastern University,147,42.34,0.0,4,1
2018121604,South Station,157,42.34,0.0,4,1
2018121604,Theatre District,149,42.34,0.0,4,1
2018121604,West End,161,42.34,0.0,4,1
2018121605,Back Bay,125,40.1,0.0,5,1
2018121605,Beacon Hill,127,40.1,0.0,5,1
2018121605,Boston University,173,40.1,0.0,5,1
2018121605,Fenway,157,40.1,0.0,5,1
2018121605,Financial District,168,40.1,0.0,5,1
2018121605,Haymarket Square,165,40.1,0.0,5,1
2018121605,North End,170,40.1,0.0,5,1
2018121605,North Station,172,40.1,0.0,5,1
2018121605,Northeastern University,116,40.1,0.0,5,1
2018121605,South Station,137,40.1,0.0,5,1
2018121605,Theatre District,163,40.1,0.0,5,1
2018121605,West End,199,40.1,0.0,5,1
2018121606,Back Bay,165,40.13,0.0,6,1
2018121606,Beacon Hill,147,40.13,0.0,6,1
2018121606,Boston University,186,40.13,0.0,6,1
2018121606,Fenway,136,40.13,0.0,6,1
2018121606,Financial District,119,40.13,0.0,6,1
2018121606,Haymarket Square,146,40.13,0.0,6,1
2018121606,North End,164,40.13,0.0,6,1
2018121606,North Station,160,40.13,0.0,6,1
2018121606,Northeastern University,182,40.13,0.0,6,1
2018121606,South Station,158,40.13,0.0,6,1
2018121606,Theatre District,174,40.13,0.0,6,1
2018121606,West End,135,40.13,0.0,6,1
2018121607,Back Bay,159,41.09,0.0,7,1
2018121607,Beacon Hill,153,41.09,0.0,7,1
2018121607,Boston University,128,41.09,0.0,7,1
2018121607,Fenway,163,41.09,0.0,7,1
2018121607,Financial District,129,41.09,0.0,7,1
2018121607,Haymarket Square,136,41.09,0.0,7,1
2018121607,North End,219,41.09,0.0,7,1
2018121607,North Station,121,41.09,0.0,7,1
2018121607,Northeastern University,213,41.09,0.0,7,1
2018121607,South Station,137,41.09,0.0,7,1
2018121607,Theatre District,141,41.09,0.0,7,1
2018121607,West End,173,41.09,0.0,7,1
2018121608,Back Bay,220,42.11000000000001,0.0,8,1
2018121608,Beacon Hill,162,42.11,0.0,8,1
2018121608,Boston University,111,42.11,0.0,8,1
2018121608,Fenway,141,42.11,0.0,8,1
2018121608,Financial District,127,42.11,0.0,8,1
2018121608,Haymarket Square,177,42.11,0.0,8,1
2018121608,North End,144,42.11,0.0,8,1
2018121608,North Station,199,42.11,0.0,8,1
2018121608,Northeastern University,155,42.11,0.0,8,1
2018121608,South Station,132,42.11,0.0,8,1
2018121608,Theatre District,137,42.11,0.0,8,1
2018121608,West End,167,42.11,0.0,8,1
2018121609,Back Bay,149,42.21,0.0,9,1
2018121609,Beacon Hill,188,42.21,0.0,9,1
2018121609,Boston University,138,42.21,0.0,9,1
2018121609,Fenway,171,42.21,0.0,9,1
2018121609,Financial District,167,42.21,0.0,9,1
2018121609,Haymarket Square,205,42.209999999999994,0.0,9,1
2018121609,North End,141,42.21,0.0,9,1
2018121609,North Station,165,42.21,0.0,9,1
2018121609,Northeastern University,122,42.21,0.0,9,1
2018121609,South Station,159,42.21,0.0,9,1
2018121609,Theatre District,137,42.21,0.0,9,1
2018121609,West End,130,42.21,0.0,9,1
2018121610,Back Bay,167,42.25,0.0,10,1
2018121610,Beacon Hill,184,42.25,0.0,10,1
2018121610,Boston University,150,42.25,0.0,10,1
2018121610,Fenway,164,42.25,0.0,10,1
2018121610,Financial District,168,42.25,0.0,10,1
2018121610,Haymarket Square,120,42.25,0.0,10,1
2018121610,North End,159,42.25,0.0,10,1
2018121610,North Station,145,42.25,0.0,10,1
2018121610,Northeastern University,128,42.25,0.0,10,1
2018121610,South Station,166,42.25,0.0,10,1
2018121610,Theatre District,174,42.25,0.0,10,1
2018121610,West End,147,42.25,0.0,10,1
2018121611,Back Bay,132,42.42,0.0036,11,1
2018121611,Beacon Hill,129,42.42,0.0036,11,1
2018121611,Boston University,160,42.42,0.0036,11,1
2018121611,Fenway,156,42.42,0.0036,11,1
2018121611,Financial District,156,42.42,0.0036,11,1
2018121611,Haymarket Square,184,42.42,0.0036,11,1
2018121611,North End,134,42.42,0.0036,11,1
2018121611,North Station,122,42.42,0.0036,11,1
2018121611,Northeastern University,175,42.42,0.0036,11,1
2018121611,South Station,153,42.42,0.0036,11,1
2018121611,Theatre District,186,42.42,0.0036,11,1
2018121611,West End,185,42.42,0.0036000000000000003,11,1
2018121612,Back Bay,141,42.81,0.002,12,1
2018121612,Beacon Hill,148,42.81,0.002,12,1
2018121612,Boston University,149,42.81,0.002,12,1
2018121612,Fenway,171,42.81,0.002,12,1
2018121612,Financial District,168,42.81,0.002,12,1
2018121612,Haymarket Square,132,42.81,0.002,12,1
2018121612,North End,189,42.81,0.002,12,1
2018121612,North Station,127,42.81,0.002,12,1
2018121612,Northeastern University,149,42.81,0.002,12,1
2018121612,South Station,170,42.81,0.002,12,1
2018121612,Theatre District,173,42.81,0.002,12,1
2018121612,West End,155,42.81,0.002,12,1
2018121613,Back Bay,163,42.82,0.0012,13,1
2018121613,Beacon Hill,177,42.82,0.0012,13,1
2018121613,Boston University,135,42.82,0.0012,13,1
2018121613,Fenway,157,42.82,0.0012,13,1
2018121613,Financial District,196,42.81999999999999,0.0012,13,1
2018121613,Haymarket Square,138,42.82,0.0012,13,1
2018121613,North End,140,42.82,0.0012,13,1
2018121613,North Station,171,42.82,0.0012,13,1
2018121613,Northeastern University,147,42.82,0.0012,13,1
2018121613,South Station,128,42.82,0.0012,13,1
2018121613,Theatre District,166,42.82,0.0012,13,1
2018121613,West End,154,42.82,0.0012,13,1
2018121614,Back Bay,178,43.06,0.0,14,1
2018121614,Beacon Hill,90,43.06,0.0,14,1
2018121614,Boston University,157,43.06,0.0,14,1
2018121614,Fenway,155,43.06,0.0,14,1
2018121614,Financial District,149,43.06,0.0,14,1
2018121614,Haymarket Square,148,43.06,0.0,14,1
2018121614,North End,152,43.06,0.0,14,1
2018121614,North Station,136,43.06,0.0,14,1
2018121614,Northeastern University,174,43.06,0.0,14,1
2018121614,South Station,182,43.06,0.0,14,1
2018121614,Theatre District,133,43.06,0.0,14,1
2018121614,West End,218,43.06,0.0,14,1
2018121615,Back Bay,176,42.85,0.0,15,1
2018121615,Beacon Hill,144,42.85,0.0,15,1
2018121615,Boston University,201,42.85,0.0,15,1
2018121615,Fenway,160,42.85,0.0,15,1
2018121615,Financial District,161,42.85,0.0,15,1
2018121615,Haymarket Square,130,42.85,0.0,15,1
2018121615,North End,192,42.85,0.0,15,1
2018121615,North Station,124,42.85,0.0,15,1
2018121615,Northeastern University,151,42.85,0.0,15,1
2018121615,South Station,145,42.85,0.0,15,1
2018121615,Theatre District,143,42.85,0.0,15,1
2018121615,West End,145,42.85,0.0,15,1
2018121616,Back Bay,171,42.84,0.0,16,1
2018121616,Beacon Hill,136,42.84,0.0,16,1
2018121616,Boston University,136,42.84,0.0,16,1
2018121616,Fenway,171,42.84,0.0,16,1
2018121616,Financial District,159,42.84,0.0,16,1
2018121616,Haymarket Square,152,42.84,0.0,16,1
2018121616,North End,127,42.84,0.0,16,1
2018121616,North Station,175,42.84,0.0,16,1
2018121616,Northeastern University,154,42.84,0.0,16,1
2018121616,South Station,142,42.84,0.0,16,1
2018121616,Theatre District,170,42.84,0.0,16,1
2018121616,West End,179,42.84,0.0,16,1
2018121617,Back Bay,182,42.38,0.0016,17,1
2018121617,Beacon Hill,143,42.38,0.0016,17,1
2018121617,Boston University,157,42.38,0.0016000000000000003,17,1
2018121617,Fenway,193,42.38,0.0016,17,1
2018121617,Financial District,153,42.38,0.0016,17,1
2018121617,Haymarket Square,125,42.38,0.0016,17,1
2018121617,North End,157,42.38,0.0016000000000000003,17,1
2018121617,North Station,129,42.38,0.0016,17,1
2018121617,Northeastern University,165,42.38,0.0016,17,1
2018121617,South Station,129,42.38,0.0016,17,1
2018121617,Theatre District,185,42.38,0.0016000000000000003,17,1
2018121617,West End,154,42.38,0.0016,17,1
2018121618,Back Bay,146,41.29,0.0567,18,1
2018121618,Beacon Hill,143,41.29,0.0567,18,1
2018121618,Boston University,128,41.29,0.0567,18,1
2018121618,Fenway,155,41.29,0.05670000000000001,18,1
2018121618,Financial District,162,41.29,0.0567,18,1
2018121618,Haymarket Square,125,41.29,0.0567,18,1
2018121618,North End,184,41.29,0.0567,18,1
2018121618,North Station,156,41.29,0.0567,18,1
2018121618,Northeastern University,157,41.29,0.05669999999999999,18,1
2018121618,South Station,152,41.29,0.05669999999999999,18,1
2018121618,Theatre District,179,41.29,0.0567,18,1
2018121618,West End,185,41.29,0.0567,18,1
2018121619,Back Bay,167,40.93,0.10440000000000002,19,1
2018121619,Beacon Hill,111,40.92999999999999,0.1044,19,1
2018121619,Boston University,202,40.93,0.1044,19,1
2018121619,Fenway,153,40.93,0.1044,19,1
2018121619,Financial District,142,40.93,0.1044,19,1
2018121619,Haymarket Square,128,40.93,0.1044,19,1
2018121619,North End,153,40.93,0.1044,19,1
2018121619,North Station,189,40.93,0.1044,19,1
2018121619,Northeastern University,179,40.93,0.10439999999999999,19,1
2018121619,South Station,159,40.93,0.10440000000000002,19,1
2018121619,Theatre District,176,40.93,0.1044,19,1
2018121619,West End,113,40.93,0.1044,19,1
2018121620,Back Bay,165,40.61,0.1289,20,1
2018121620,Beacon Hill,159,40.61,0.1289,20,1
2018121620,Boston University,160,40.61,0.1289,20,1
2018121620,Fenway,142,40.61,0.1289,20,1
2018121620,Financial District,149,40.61,0.1289,20,1
2018121620,Haymarket Square,170,40.61,0.1289,20,1
2018121620,North End,159,40.61,0.1289,20,1
2018121620,North Station,172,40.61,0.1289,20,1
2018121620,Northeastern University,128,40.61,0.1289,20,1
2018121620,South Station,140,40.61,0.1289,20,1
2018121620,Theatre District,138,40.61,0.1289,20,1
2018121620,West End,190,40.61,0.1289,20,1
2018121621,Back Bay,158,40.39,0.092,21,1
2018121621,Beacon Hill,144,40.39,0.092,21,1
2018121621,Boston University,176,40.39,0.092,21,1
2018121621,Fenway,152,40.39,0.092,21,1
2018121621,Financial District,212,40.39,0.09200000000000001,21,1
2018121621,Haymarket Square,140,40.39,0.092,21,1
2018121621,North End,161,40.39,0.092,21,1
2018121621,North Station,128,40.39,0.092,21,1
2018121621,Northeastern University,178,40.39,0.09200000000000001,21,1
2018121621,South Station,135,40.39,0.092,21,1
2018121621,Theatre District,152,40.39,0.092,21,1
2018121621,West End,136,40.39,0.092,21,1
2018121622,Back Bay,176,40.45,0.0591,22,1
2018121622,Beacon Hill,131,40.45,0.0591,22,1
2018121622,Boston University,147,40.45,0.0591,22,1
2018121622,Fenway,113,40.45,0.0591,22,1
2018121622,Financial District,169,40.45,0.0591,22,1
2018121622,Haymarket Square,144,40.45,0.05910000000000001,22,1
2018121622,North End,207,40.45000000000001,0.05910000000000001,22,1
2018121622,North Station,143,40.45,0.0591,22,1
2018121622,Northeastern University,137,40.45,0.0591,22,1
2018121622,South Station,176,40.45,0.0591,22,1
2018121622,Theatre District,177,40.45,0.05909999999999999,22,1
2018121622,West End,152,40.45,0.0591,22,1
2018121623,Back Bay,146,40.08,0.0187,23,1
2018121623,Beacon Hill,177,40.08,0.0187,23,1
2018121623,Boston University,179,40.08,0.0187,23,1
2018121623,Fenway,147,40.08,0.0187,23,1
2018121623,Financial District,133,40.08,0.0187,23,1
2018121623,Haymarket Square,160,40.08,0.0187,23,1
2018121623,North End,194,40.08,0.0187,23,1
2018121623,North Station,186,40.08,0.0187,23,1
2018121623,Northeastern University,120,40.08,0.0187,23,1
2018121623,South Station,132,40.08,0.0187,23,1
2018121623,Theatre District,143,40.08,0.0187,23,1
2018121623,West End,155,40.08,0.0187,23,1
2018121700,Back Bay,160,39.27,0.0121,0,0
2018121700,Beacon Hill,132,39.27,0.0121,0,0
2018121700,Boston University,163,39.27,0.0121,0,0
2018121700,Fenway,171,39.27,0.012099999999999998,0,0
2018121700,Financial District,150,39.27,0.0121,0,0
2018121700,Haymarket Square,178,39.27,0.0121,0,0
2018121700,North End,189,39.27,0.012100000000000001,0,0
2018121700,North Station,137,39.27,0.0121,0,0
2018121700,Northeastern University,137,39.27,0.0121,0,0
2018121700,South Station,149,39.27,0.0121,0,0
2018121700,Theatre District,162,39.27,0.0121,0,0
2018121700,West End,144,39.27,0.0121,0,0
2018121701,Back Bay,181,39.19,0.0071,1,0
2018121701,Beacon Hill,162,39.19,0.0071,1,0
2018121701,Boston University,150,39.19,0.007100000000000001,1,0
2018121701,Fenway,147,39.19,0.0071,1,0
2018121701,Financial District,160,39.19,0.0071,1,0
2018121701,Haymarket Square,117,39.19,0.0070999999999999995,1,0
2018121701,North End,166,39.19,0.0071,1,0
2018121701,North Station,172,39.19,0.0071,1,0
2018121701,Northeastern University,146,39.19,0.0070999999999999995,1,0
2018121701,South Station,163,39.19,0.0070999999999999995,1,0
2018121701,Theatre District,151,39.19,0.0071,1,0
2018121701,West End,157,39.19,0.0071,1,0
2018121702,Back Bay,158,38.41,0.0089,2,0
2018121702,Beacon Hill,163,38.41,0.0089,2,0
2018121702,Boston University,160,38.41,0.0089,2,0
2018121702,Fenway,182,38.41,0.0089,2,0
2018121702,Financial District,145,38.41,0.0089,2,0
2018121702,Haymarket Square,157,38.41,0.0089,2,0
2018121702,North End,143,38.41,0.0089,2,0
2018121702,North Station,136,38.41,0.0089,2,0
2018121702,Northeastern University,153,38.41,0.0089,2,0
2018121702,South Station,157,38.41,0.0089,2,0
2018121702,Theatre District,169,38.41,0.0089,2,0
2018121702,West End,149,38.41,0.0089,2,0
2018121703,Back Bay,130,37.83,0.0216,3,0
2018121703,Beacon Hill,145,37.83,0.0216,3,0
2018121703,Boston University,152,37.83,0.0216,3,0
2018121703,Fenway,129,37.83,0.0216,3,0
2018121703,Financial District,196,37.83,0.0216,3,0
2018121703,Haymarket Square,157,37.83,0.0216,3,0
2018121703,North End,164,37.83,0.0216,3,0
2018121703,North Station,179,37.83,0.0216,3,0
2018121703,Northeastern University,142,37.83,0.0216,3,0
2018121703,South Station,154,37.83,0.0216,3,0
2018121703,Theatre District,177,37.83,0.0216,3,0
2018121703,West End,147,37.83,0.0216,3,0
2018121704,Back Bay,155,35.84,0.0092,4,0
2018121704,Beacon Hill,186,35.84,0.0092,4,0
2018121704,Boston University,142,35.84,0.0092,4,0
2018121704,Fenway,150,35.84,0.0092,4,0
2018121704,Financial District,157,35.84,0.0092,4,0
2018121704,Haymarket Square,143,35.84,0.0092,4,0
2018121704,North End,150,35.84,0.0092,4,0
2018121704,North Station,155,35.84,0.0092,4,0
2018121704,Northeastern University,136,35.84,0.0092,4,0
2018121704,South Station,175,35.84,0.0092,4,0
2018121704,Theatre District,159,35.84,0.0092,4,0
2018121704,West End,164,35.84,0.0092,4,0
2018121705,Back Bay,143,35.45,0.0057,5,0
2018121705,Beacon Hill,145,35.45,0.0057,5,0
2018121705,Boston University,135,35.45,0.0057,5,0
2018121705,Fenway,151,35.45,0.0057,5,0
2018121705,Financial District,174,35.45,0.0057,5,0
2018121705,Haymarket Square,150,35.45,0.0057,5,0
2018121705,North End,186,35.45,0.0057,5,0
2018121705,North Station,150,35.45,0.0057,5,0
2018121705,Northeastern University,189,35.45,0.005700000000000001,5,0
2018121705,South Station,151,35.45,0.0057,5,0
2018121705,Theatre District,176,35.45,0.0057,5,0
2018121705,West End,122,35.45,0.0057,5,0
2018121706,Back Bay,126,34.87,0.0023,6,0
2018121706,Beacon Hill,151,34.87,0.0023,6,0
2018121706,Boston University,170,34.87,0.0023,6,0
2018121706,Fenway,175,34.87,0.0023,6,0
2018121706,Financial District,128,34.87,0.0023,6,0
2018121706,Haymarket Square,119,34.87,0.0023,6,0
2018121706,North End,157,34.87,0.0023,6,0
2018121706,North Station,152,34.87,0.0023,6,0
2018121706,Northeastern University,175,34.87,0.0023,6,0
2018121706,South Station,149,34.87,0.0023,6,0
2018121706,Theatre District,181,34.87,0.0023,6,0
2018121706,West End,189,34.87,0.0023,6,0
2018121707,Back Bay,159,35.01,0.0009000000000000001,7,0
2018121707,Beacon Hill,139,35.01,0.0008999999999999999,7,0
2018121707,Boston University,162,35.01,0.0008999999999999999,7,0
2018121707,Fenway,151,35.01,0.0009,7,0
2018121707,Financial District,189,35.01,0.0009,7,0
2018121707,Haymarket Square,200,35.01,0.0009,7,0
2018121707,North End,127,35.01,0.0009,7,0
2018121707,North Station,119,35.01,0.0009,7,0
2018121707,Northeastern University,143,35.01,0.0009000000000000001,7,0
2018121707,South Station,153,35.01,0.0009,7,0
2018121707,Theatre District,169,35.01,0.0008999999999999999,7,0
2018121707,West End,161,35.01,0.0009,7,0
2018121708,Back Bay,172,35.19,0.0,8,0
2018121708,Beacon Hill,149,35.19,0.0,8,0
2018121708,Boston University,146,35.19,0.0,8,0
2018121708,Fenway,123,35.19,0.0,8,0
2018121708,Financial District,168,35.19,0.0,8,0
2018121708,Haymarket Square,149,35.19,0.0,8,0
2018121708,North End,195,35.19,0.0,8,0
2018121708,North Station,148,35.19,0.0,8,0
2018121708,Northeastern University,185,35.19,0.0,8,0
2018121708,South Station,145,35.19,0.0,8,0
2018121708,Theatre District,132,35.19,0.0,8,0
2018121708,West End,160,35.19,0.0,8,0
2018121709,Back Bay,137,36.45,0.0005,9,0
2018121709,Beacon Hill,156,36.45,0.0005,9,0
2018121709,Boston University,159,36.45,0.0005,9,0
2018121709,Fenway,207,36.45,0.0005,9,0
2018121709,Financial District,204,36.45,0.0005,9,0
2018121709,Haymarket Square,156,36.45,0.0005,9,0
2018121709,North End,137,36.45,0.0005,9,0
2018121709,North Station,120,36.45,0.0005,9,0
2018121709,Northeastern University,115,36.45,0.0005,9,0
2018121709,South Station,187,36.45,0.0005,9,0
2018121709,Theatre District,124,36.45,0.0005,9,0
2018121709,West End,170,36.45,0.0005,9,0
2018121710,Back Bay,148,36.87,0.0005,10,0
2018121710,Beacon Hill,154,36.87,0.0005,10,0
2018121710,Boston University,141,36.87,0.0005,10,0
2018121710,Fenway,182,36.87,0.0005,10,0
2018121710,Financial District,155,36.87,0.0005,10,0
2018121710,Haymarket Square,143,36.87,0.0005,10,0
2018121710,North End,144,36.87,0.0005,10,0
2018121710,North Station,169,36.87,0.0005,10,0
2018121710,Northeastern University,156,36.87,0.0005,10,0
2018121710,South Station,147,36.87,0.0005,10,0
2018121710,Theatre District,142,36.87,0.0005,10,0
2018121710,West End,191,36.87,0.0005,10,0
2018121711,Back Bay,147,37.62,0.0,11,0
2018121711,Beacon Hill,168,37.62,0.0,11,0
2018121711,Boston University,158,37.62,0.0,11,0
2018121711,Fenway,127,37.62,0.0,11,0
2018121711,Financial District,194,37.62,0.0,11,0
2018121711,Haymarket Square,179,37.62,0.0,11,0
2018121711,North End,134,37.62,0.0,11,0
2018121711,North Station,133,37.62,0.0,11,0
2018121711,Northeastern University,160,37.62,0.0,11,0
2018121711,South Station,146,37.62,0.0,11,0
2018121711,Theatre District,181,37.62,0.0,11,0
2018121711,West End,145,37.62,0.0,11,0
2018121712,Back Bay,165,37.71,0.0,12,0
2018121712,Beacon Hill,158,37.71,0.0,12,0
2018121712,Boston University,179,37.71,0.0,12,0
2018121712,Fenway,170,37.71,0.0,12,0
2018121712,Financial District,168,37.71,0.0,12,0
2018121712,Haymarket Square,162,37.71,0.0,12,0
2018121712,North End,155,37.71,0.0,12,0
2018121712,North Station,114,37.71000000000001,0.0,12,0
2018121712,Northeastern University,127,37.71,0.0,12,0
2018121712,South Station,143,37.71,0.0,12,0
2018121712,Theatre District,168,37.71,0.0,12,0
2018121712,West End,163,37.71,0.0,12,0
2018121713,Back Bay,136,38.75,0.0,13,0
2018121713,Beacon Hill,141,38.75,0.0,13,0
2018121713,Boston University,139,38.75,0.0,13,0
2018121713,Fenway,148,38.75,0.0,13,0
2018121713,Financial District,150,38.75,0.0,13,0
2018121713,Haymarket Square,147,38.75,0.0,13,0
2018121713,North End,176,38.75,0.0,13,0
2018121713,North Station,175,38.75,0.0,13,0
2018121713,Northeastern University,183,38.75,0.0,13,0
2018121713,South Station,175,38.75,0.0,13,0
2018121713,Theatre District,149,38.75,0.0,13,0
2018121713,West End,153,38.75,0.0,13,0
2018121714,Back Bay,167,40.78,0.0,14,0
2018121714,Beacon Hill,148,40.78,0.0,14,0
2018121714,Boston University,182,40.78,0.0,14,0
2018121714,Fenway,146,40.78,0.0,14,0
2018121714,Financial District,160,40.78,0.0,14,0
2018121714,Haymarket Square,131,40.78,0.0,14,0
2018121714,North End,143,40.78,0.0,14,0
2018121714,North Station,129,40.78,0.0,14,0
2018121714,Northeastern University,159,40.78,0.0,14,0
2018121714,South Station,184,40.78,0.0,14,0
2018121714,Theatre District,156,40.78,0.0,14,0
2018121714,West End,167,40.78,0.0,14,0
2018121715,Back Bay,164,40.4,0.0,15,0
2018121715,Beacon Hill,179,40.4,0.0,15,0
2018121715,Boston University,139,40.4,0.0,15,0
2018121715,Fenway,151,40.4,0.0,15,0
2018121715,Financial District,141,40.4,0.0,15,0
2018121715,Haymarket Square,155,40.4,0.0,15,0
2018121715,North End,118,40.4,0.0,15,0
2018121715,North Station,181,40.4,0.0,15,0
2018121715,Northeastern University,149,40.4,0.0,15,0
2018121715,South Station,180,40.4,0.0,15,0
2018121715,Theatre District,129,40.4,0.0,15,0
2018121715,West End,186,40.4,0.0,15,0
2018121716,Back Bay,166,40.47,0.0,16,0
2018121716,Beacon Hill,146,40.47,0.0,16,0
2018121716,Boston University,159,40.47,0.0,16,0
2018121716,Fenway,183,40.47,0.0,16,0
2018121716,Financial District,156,40.47,0.0,16,0
2018121716,Haymarket Square,161,40.47,0.0,16,0
2018121716,North End,179,40.47,0.0,16,0
2018121716,North Station,124,40.47,0.0,16,0
2018121716,Northeastern University,143,40.47,0.0,16,0
2018121716,South Station,146,40.47,0.0,16,0
2018121716,Theatre District,174,40.47,0.0,16,0
2018121716,West End,135,40.47,0.0,16,0
2018121717,Back Bay,125,39.75,0.0,17,0
2018121717,Beacon Hill,168,39.75,0.0,17,0
2018121717,Boston University,119,39.75,0.0,17,0
2018121717,Fenway,162,39.75,0.0,17,0
2018121717,Financial District,123,39.75,0.0,17,0
2018121717,Haymarket Square,159,39.75,0.0,17,0
2018121717,North End,149,39.75,0.0,17,0
2018121717,North Station,173,39.75,0.0,17,0
2018121717,Northeastern University,170,39.75,0.0,17,0
2018121717,South Station,192,39.75,0.0,17,0
2018121717,Theatre District,155,39.75,0.0,17,0
2018121717,West End,177,39.75,0.0,17,0
2018121718,Back Bay,178,38.96,0.0,18,0
2018121718,Beacon Hill,144,38.96,0.0,18,0
2018121718,Boston University,129,38.96,0.0,18,0
2018121718,Fenway,150,38.96,0.0,18,0
2018121718,Financial District,161,38.96,0.0,18,0
2018121718,Haymarket Square,168,38.96,0.0,18,0
2018121718,North End,119,38.96,0.0,18,0
2018121718,North Station,159,38.96,0.0,18,0
2018121718,Northeastern University,144,38.96,0.0,18,0
2018121718,South Station,191,38.96,0.0,18,0
2018121718,Theatre District,167,38.96,0.0,18,0
2018121718,West End,162,38.96,0.0,18,0
2018121719,Back Bay,157,37.97,0.0,19,0
2018121719,Beacon Hill,133,37.97,0.0,19,0
2018121719,Boston University,173,37.97,0.0,19,0
2018121719,Fenway,156,37.97,0.0,19,0
2018121719,Financial District,180,37.97,0.0,19,0
2018121719,Haymarket Square,181,37.97,0.0,19,0
2018121719,North End,157,37.97,0.0,19,0
2018121719,North Station,128,37.97,0.0,19,0
2018121719,Northeastern University,126,37.97,0.0,19,0
2018121719,South Station,124,37.97,0.0,19,0
2018121719,Theatre District,179,37.97,0.0,19,0
2018121719,West End,178,37.97,0.0,19,0
2018121720,Back Bay,131,37.45,0.0,20,0
2018121720,Beacon Hill,160,37.45,0.0,20,0
2018121720,Boston University,201,37.45,0.0,20,0
2018121720,Fenway,190,37.45,0.0,20,0
2018121720,Financial District,150,37.45,0.0,20,0
2018121720,Haymarket Square,134,37.45,0.0,20,0
2018121720,North End,198,37.45,0.0,20,0
2018121720,North Station,170,37.45,0.0,20,0
2018121720,Northeastern University,129,37.45,0.0,20,0
2018121720,South Station,150,37.45,0.0,20,0
2018121720,Theatre District,122,37.45,0.0,20,0
2018121720,West End,137,37.45,0.0,20,0
2018121721,Back Bay,129,37.06,0.0,21,0
2018121721,Beacon Hill,167,37.06,0.0,21,0
2018121721,Boston University,141,37.06,0.0,21,0
2018121721,Fenway,146,37.06,0.0,21,0
2018121721,Financial District,187,37.06,0.0,21,0
2018121721,Haymarket Square,188,37.06,0.0,21,0
2018121721,North End,132,37.06,0.0,21,0
2018121721,North Station,151,37.06,0.0,21,0
2018121721,Northeastern University,189,37.06,0.0,21,0
2018121721,South Station,135,37.06,0.0,21,0
2018121721,Theatre District,167,37.06,0.0,21,0
2018121721,West End,140,37.06,0.0,21,0
2018121722,Back Bay,144,37.26,0.0,22,0
2018121722,Beacon Hill,151,37.26,0.0,22,0
2018121722,Boston University,134,37.26,0.0,22,0
2018121722,Fenway,187,37.26,0.0,22,0
2018121722,Financial District,144,37.26,0.0,22,0
2018121722,Haymarket Square,167,37.26,0.0,22,0
2018121722,North End,189,37.26,0.0,22,0
2018121722,North Station,159,37.26,0.0,22,0
2018121722,Northeastern University,162,37.26,0.0,22,0
2018121722,South Station,149,37.26,0.0,22,0
2018121722,Theatre District,144,37.26,0.0,22,0
2018121722,West End,142,37.26,0.0,22,0
2018121723,Back Bay,204,37.21,0.0,23,0
2018121723,Beacon Hill,139,37.21,0.0,23,0
2018121723,Boston University,173,37.21,0.0,23,0
2018121723,Fenway,158,37.21,0.0,23,0
2018121723,Financial District,158,37.21,0.0,23,0
2018121723,Haymarket Square,170,37.21,0.0,23,0
2018121723,North End,120,37.21,0.0,23,0
2018121723,North Station,174,37.21,0.0,23,0
2018121723,Northeastern University,140,37.21,0.0,23,0
2018121723,South Station,139,37.21,0.0,23,0
2018121723,Theatre District,174,37.21,0.0,23,0
2018121723,West End,123,37.21,0.0,23,0
2018121800,Back Bay,130,36.27,0.0,0,0
2018121800,Beacon Hill,164,36.27,0.0,0,0
2018121800,Boston University,141,36.27,0.0,0,0
2018121800,Fenway,155,36.27,0.0,0,0
2018121800,Financial District,150,36.27,0.0,0,0
2018121800,Haymarket Square,148,36.27,0.0,0,0
2018121800,North End,165,36.27,0.0,0,0
2018121800,North Station,167,36.27,0.0,0,0
2018121800,Northeastern University,140,36.27,0.0,0,0
2018121800,South Station,156,36.27,0.0,0,0
2018121800,Theatre District,188,36.27,0.0,0,0
2018121800,West End,168,36.27,0.0,0,0
2018121801,Back Bay,206,33.71,0.0016999999999999997,1,0
2018121801,Beacon Hill,124,33.71,0.0017,1,0
2018121801,Boston University,178,33.71,0.0017,1,0
2018121801,Fenway,164,33.71,0.0017,1,0
2018121801,Financial District,141,33.71,0.0017,1,0
2018121801,Haymarket Square,155,33.71,0.0017000000000000001,1,0
2018121801,North End,134,33.71,0.0017,1,0
2018121801,North Station,134,33.71,0.0017,1,0
2018121801,Northeastern University,137,33.71,0.0017,1,0
2018121801,South Station,182,33.71,0.0017000000000000001,1,0
2018121801,Theatre District,170,33.71,0.0017,1,0
2018121801,West End,147,33.71,0.0017,1,0
2018121802,Back Bay,191,31.710000000000004,0.0025,2,0
2018121802,Beacon Hill,148,31.71,0.0025,2,0
2018121802,Boston University,166,31.710000000000004,0.0025,2,0
2018121802,Fenway,129,31.71,0.0025,2,0
2018121802,Financial District,109,31.709999999999997,0.0025,2,0
2018121802,Haymarket Square,147,31.71,0.0025,2,0
2018121802,North End,152,31.71,0.0025,2,0
2018121802,North Station,173,31.71,0.0025,2,0
2018121802,Northeastern University,140,31.710000000000004,0.0025,2,0
2018121802,South Station,141,31.709999999999997,0.0025,2,0
2018121802,Theatre District,189,31.710000000000004,0.0025,2,0
2018121802,West End,187,31.71,0.0025,2,0
2018121803,Back Bay,133,29.36,0.0,3,0
2018121803,Beacon Hill,142,29.36,0.0,3,0
2018121803,Boston University,144,29.36,0.0,3,0
2018121803,Fenway,190,29.36,0.0,3,0
2018121803,Financial District,151,29.36,0.0,3,0
2018121803,Haymarket Square,105,29.359999999999996,0.0,3,0
2018121803,North End,191,29.36,0.0,3,0
2018121803,North Station,156,29.36,0.0,3,0
2018121803,Northeastern University,186,29.36,0.0,3,0
2018121803,South Station,152,29.360000000000003,0.0,3,0
2018121803,Theatre District,184,29.36,0.0,3,0
2018121803,West End,138,29.36,0.0,3,0
2018121804,Back Bay,179,26.21,0.0,4,0
2018121804,Beacon Hill,164,26.210000000000004,0.0,4,0
2018121804,Boston University,128,26.21,0.0,4,0
2018121804,Fenway,151,26.21,0.0,4,0
2018121804,Financial District,150,26.21,0.0,4,0
2018121804,Haymarket Square,179,26.21,0.0,4,0
2018121804,North End,135,26.21,0.0,4,0
2018121804,North Station,183,26.21,0.0,4,0
2018121804,Northeastern University,145,26.21,0.0,4,0
2018121804,South Station,140,26.21,0.0,4,0
2018121804,Theatre District,139,26.21,0.0,4,0
2018121804,West End,179,26.21,0.0,4,0
2018121805,Back Bay,184,25.21,0.0,5,0
2018121805,Beacon Hill,139,25.21,0.0,5,0
2018121805,Boston University,145,25.21,0.0,5,0
2018121805,Fenway,167,25.209999999999997,0.0,5,0
2018121805,Financial District,154,25.21,0.0,5,0
2018121805,Haymarket Square,130,25.21,0.0,5,0
2018121805,North End,202,25.21,0.0,5,0
2018121805,North Station,147,25.21,0.0,5,0
2018121805,Northeastern University,149,25.21,0.0,5,0
2018121805,South Station,138,25.21,0.0,5,0
2018121805,Theatre District,161,25.21,0.0,5,0
2018121805,West End,156,25.21,0.0,5,0
2018121806,Back Bay,194,24.709999999999997,0.0,6,0
2018121806,Beacon Hill,187,24.71,0.0,6,0
2018121806,Boston University,84,24.709999999999997,0.0,6,0
2018121806,Fenway,128,24.71,0.0,6,0
2018121806,Financial District,145,24.71,0.0,6,0
2018121806,Haymarket Square,217,24.710000000000004,0.0,6,0
2018121806,North End,140,24.71,0.0,6,0
2018121806,North Station,155,24.71,0.0,6,0
2018121806,Northeastern University,167,24.709999999999997,0.0,6,0
2018121806,South Station,137,24.71,0.0,6,0
2018121806,Theatre District,155,24.71,0.0,6,0
2018121806,West End,163,24.71,0.0,6,0
2018121807,Back Bay,145,24.61,0.0,7,0
2018121807,Beacon Hill,162,24.61,0.0,7,0
2018121807,Boston University,159,24.61,0.0,7,0
2018121807,Fenway,140,24.61,0.0,7,0
2018121807,Financial District,133,24.61,0.0,7,0
2018121807,Haymarket Square,136,24.61,0.0,7,0
2018121807,North End,180,24.61,0.0,7,0
2018121807,North Station,166,24.61,0.0,7,0
2018121807,Northeastern University,150,24.61,0.0,7,0
2018121807,South Station,175,24.61,0.0,7,0
2018121807,Theatre District,164,24.61,0.0,7,0
2018121807,West End,162,24.61,0.0,7,0
2018121808,Back Bay,150,24.61,0.0,8,0
2018121808,Beacon Hill,135,24.61,0.0,8,0
2018121808,Boston University,134,24.61,0.0,8,0
2018121808,Fenway,178,24.61,0.0,8,0
2018121808,Financial District,194,24.61,0.0,8,0
2018121808,Haymarket Square,165,24.61,0.0,8,0
2018121808,North End,145,24.61,0.0,8,0
2018121808,North Station,167,24.61,0.0,8,0
2018121808,Northeastern University,132,24.61,0.0,8,0
2018121808,South Station,160,24.61,0.0,8,0
2018121808,Theatre District,185,24.609999999999996,0.0,8,0
2018121808,West End,127,24.61,0.0,8,0
2018121809,Back Bay,160,26.47,0.0,9,0
2018121809,Beacon Hill,160,26.47,0.0,9,0
2018121809,Boston University,174,26.47,0.0,9,0
2018121809,Fenway,174,26.47,0.0,9,0
2018121809,Financial District,176,26.469999999999995,0.0,9,0
2018121809,Haymarket Square,121,26.47,0.0,9,0
2018121809,North End,149,26.47,0.0,9,0
2018121809,North Station,149,26.47,0.0,9,0
2018121809,Northeastern University,174,26.47,0.0,9,0
2018121809,South Station,110,26.47,0.0,9,0
2018121809,Theatre District,151,26.47,0.0,9,0
2018121809,West End,174,26.47,0.0,9,0
2018121810,Back Bay,152,27.409999999999997,0.0,10,0
2018121810,Beacon Hill,170,27.41,0.0,10,0
2018121810,Boston University,166,27.410000000000004,0.0,10,0
2018121810,Fenway,183,27.41,0.0,10,0
2018121810,Financial District,120,27.41,0.0,10,0
2018121810,Haymarket Square,198,27.41,0.0,10,0
2018121810,North End,131,27.41,0.0,10,0
2018121810,North Station,165,27.409999999999997,0.0,10,0
2018121810,Northeastern University,109,27.41,0.0,10,0
2018121810,South Station,160,27.410000000000004,0.0,10,0
2018121810,Theatre District,149,27.41,0.0,10,0
2018121810,West End,169,27.41,0.0,10,0
2018121811,Back Bay,156,28.58,0.0,11,0
2018121811,Beacon Hill,157,28.58,0.0,11,0
2018121811,Boston University,138,28.58,0.0,11,0
2018121811,Fenway,163,28.58,0.0,11,0
2018121811,Financial District,165,28.58,0.0,11,0
2018121811,Haymarket Square,122,28.58,0.0,11,0
2018121811,North End,146,28.579999999999995,0.0,11,0
2018121811,North Station,164,28.58,0.0,11,0
2018121811,Northeastern University,147,28.579999999999995,0.0,11,0
2018121811,South Station,183,28.58,0.0,11,0
2018121811,Theatre District,175,28.58,0.0,11,0
2018121811,West End,156,28.58,0.0,11,0
2018121812,Back Bay,136,30.78,0.0,12,0
2018121812,Beacon Hill,134,30.780000000000005,0.0,12,0
2018121812,Boston University,176,30.780000000000005,0.0,12,0
2018121812,Fenway,151,30.779999999999998,0.0,12,0
2018121812,Financial District,174,30.78,0.0,12,0
2018121812,Haymarket Square,119,30.78,0.0,12,0
2018121812,North End,152,30.78,0.0,12,0
2018121812,North Station,140,30.779999999999998,0.0,12,0
2018121812,Northeastern University,190,30.779999999999998,0.0,12,0
2018121812,South Station,167,30.78,0.0,12,0
2018121812,Theatre District,205,30.78,0.0,12,0
2018121812,West End,128,30.78,0.0,12,0
2018121813,Back Bay,116,30.8,0.0,13,0
2018121813,Beacon Hill,198,30.800000000000004,0.0,13,0
2018121813,Boston University,142,30.800000000000004,0.0,13,0
2018121813,Fenway,132,30.8,0.0,13,0
2018121813,Financial District,173,30.800000000000004,0.0,13,0
2018121813,Haymarket Square,152,30.8,0.0,13,0
2018121813,North End,133,30.800000000000004,0.0,13,0
2018121813,North Station,151,30.8,0.0,13,0
2018121813,Northeastern University,200,30.8,0.0,13,0
2018121813,South Station,179,30.8,0.0,13,0
2018121813,Theatre District,186,30.8,0.0,13,0
2018121813,West End,110,30.8,0.0,13,0
2018121814,Back Bay,36,32.34,0.0,14,0
2018121814,Beacon Hill,65,32.34,0.0,14,0
2018121814,Boston University,58,32.34,0.0,14,0
2018121814,Fenway,35,32.34,0.0,14,0
2018121814,Financial District,65,32.34,0.0,14,0
2018121814,Haymarket Square,52,32.34,0.0,14,0
2018121814,North End,64,32.34,0.0,14,0
2018121814,North Station,60,32.34,0.0,14,0
2018121814,Northeastern University,50,32.34,0.0,14,0
2018121814,South Station,44,32.34,0.0,14,0
2018121814,Theatre District,45,32.34,0.0,14,0
2018121814,West End,50,32.34,0.0,14,0
